Country Name;Country Code;1960;1961;1962;1963;1964;1965;1966;1967;1968;1969;1970;1971;1972;1973;1974;1975;1976;1977;1978;1979;1980;1981;1982;1983;1984;1985;1986;1987;1988;1989;1990;1991;1992;1993;1994;1995;1996;1997;1998;1999;2000;2001;2002;2003;2004;2005;2006;2007;2008;2009;2010;2011;2012;2013;2014;2015;2016;2017;2018;2019;2020;2021;2022;2023;2024
Aruba;ABW;;;;;;;;;;;;;;;;;;;;;;;;;;;;;;;;;;;;;;;;;;;;;;;;;;;;;;;;;;;;;;;;;
Africa Eastern and Southern;AFE;;;;;;;;;;;;;;;;;;;;;;;;;;;;;;;;;;;;;;;;;115.2942303;122.1881197;121.0055455;132.8264363;141.5477827;149.5927607;166.3944289;179.3923686;186.5206374;195.5348635;197.9493726;203.9775123;201.4570073;213.7916533;210.2598324;213.9391398;222.3476519;213.3925459;210.9121681;216.0932377;209.9857443;219.0491823;;;
Afghanistan;AFG;;;;;;;;;;;;;;;;;;;;;;;;;;;;;;;;;;;;;;;;;;;87.39655236;86.26033579;93.95296599;105.8867601;118.306464;112.2676674;137.7035084;153.5432387;148.7611035;147.3391694;155.3830259;178.0790192;202.2615553;215.7252333;239.1887475;264.5439889;299.7874915;321.4990806;322.4993097;363.611185;;;
Africa Western and Central;AFW;;;;;;;;;;;;;;;;;;;;;;;;;;;;;;;;;;;;;;;;;76.29739419;79.85921976;78.05501608;116.3802695;117.8111651;122.1104499;123.3848292;122.9745896;126.3906198;136.2578807;127.6511662;134.1653633;135.8790325;144.9972828;151.9859532;157.6435062;153.3897002;155.6145709;143.5689321;147.946417;161.1191082;184.2674979;;;
Angola;AGO;;;;;;;;;;;;;;;;;;;;;;;;;;;;;;;;;;;;;;;;;62.35549658;151.0352836;125.3979539;135.6299907;166.8257847;137.3182932;143.4324986;179.3627711;218.8505483;247.5763201;177.5153409;177.2587236;177.0294781;208.8951587;197.7254442;189.5478609;190.6570225;201.4364003;182.3266889;173.1436925;200.1307093;198.5463085;;;
Albania;ALB;;;;;;;;;;;;;;;;;;;;;;;;;;;;;;;;;;;;;;;;;222.8174656;247.2743089;257.9195945;290.4869677;316.1663354;333.7111566;368.4268293;430.7864007;452.6283966;512.9493981;600.4291752;632.131473;649.9892844;666.0176549;725.7376495;753.1800705;811.4220403;838.4169877;896.7913541;981.8790244;1044.568617;1131.669115;;;
Andorra;AND;;;;;;;;;;;;;;;;;;;;;;;;;;;;;;;;;;;;;;;;;1913.580589;2017.877774;2163.197797;2094.246149;2108.863981;2343.212871;2304.464595;2491.605236;2888.436584;3067.251465;3878.842268;3910.482216;3449.116417;3445.058283;3528.650997;3705.346975;3577.453276;3714.865213;4044.916874;4098.704637;4631.538485;4907.773484;;;
Arab World;ARB;;;;;;;;;;;;;;;;;;;;;;;;;;;;;;;;;;;;;;;;;387.5520133;426.8289534;436.5568705;430.1174797;447.7205611;445.7764312;472.1955119;505.9624846;510.6445729;613.8329896;576.3108316;596.6065498;647.4369763;724.2279436;766.9731221;772.078787;852.0429535;860.8881039;815.8557873;834.473391;898.6429324;888.4634815;;;
United Arab Emirates;ARE;;;;;;;;;;;;;;;;;;;;;;;;;;;;;;;;;;;;;;;;;2222.565099;2296.333686;2484.181082;2557.24201;2556.138675;2429.990775;2409.732586;2350.391428;2370.879027;2734.094005;2537.151877;2591.778205;2497.088613;2657.416484;2786.923365;2416.065548;2682.407365;2853.381021;3002.587776;3281.382326;4157.383096;4065.614004;;;
Argentina;ARG;;;;;;;;;;;;;;;;;;;;;;;;;;;;;;;;;;;;;;;;;1060.861351;1044.539234;825.8561419;845.9592307;879.1764894;1028.49653;1138.15885;1293.519131;1418.628664;1536.573388;1693.282;1808.443055;1920.127825;1960.465834;1896.806034;2050.680833;1997.891098;2413.860064;2401.319013;2346.186688;2187.378138;2323.078206;;;
Armenia;ARM;;;;;;;;;;;;;;;;;;;;;;;;;;;;;;;;;;;;;;;;;108;135;257;284;274;313;367;406;538;595;677;739;847;1014;1030;1025;1091;1296;1355;1698;1725;1924;;;
American Samoa;ASM;;;;;;;;;;;;;;;;;;;;;;;;;;;;;;;;;;;;;;;;;;;;;;;;;;;;;;;;;;;;;;;;;
Antigua and Barbuda;ATG;;;;;;;;;;;;;;;;;;;;;;;;;;;;;;;;;;;;;;;;;803.3130541;890.4571971;877.2628507;990.1294475;974.9883372;1032.327688;1098.787986;1168.037566;1107.854948;961.3121098;1138.858744;1139.779195;1107.338983;1070.866515;1159.681192;1038.734811;1064.919304;1013.026333;1096.422506;1050.432807;1141.528735;1229.345766;;;
Australia;AUS;;;;;;;;;;;;;;;;;;;;;;;;;;;;;;;;;;;;;;;;;2151.33885;2271.733044;2428.894389;2555.543138;2750.677774;2842.850776;3024.017492;3196.313828;3310.377711;3565.906838;3607.321199;3791.200949;3807.512015;4182.513083;4682.653375;4807.896352;5059.245962;5133.730325;5331.507835;5390.863154;5955.187192;6488.269006;;;
Austria;AUT;;;;;;;;;;;;;;;;;;;;;;;;;;;;;;;;;;;;;;;;;2707;2761;2936;3077;3291;3382;3596;3765;4025;4188;4300;4466;4751;4945;5083;5205;5477;5641;5905;6276;6531;7272;;;
Azerbaijan;AZE;;;;;;;;;;;;;;;;;;;;;;;;;;;;;;;;;;;;;;;;;98;102;111;123;133;146;185;226;259;379;381;377;494;543;612;634;622;563;546;617;831;733;;;
Burundi;BDI;;;;;;;;;;;;;;;;;;;;;;;;;;;;;;;;;;;;;;;;;22.4754911;30.79356397;29.90807821;28.77234531;40.16337662;42.91911146;51.85817336;55.99445945;48.40308652;57.1317907;71.11680252;65.06234603;56.31199783;60.09662454;52.55747882;50.14257443;54.1324211;52.2004412;55.29826099;68.82185512;80.4213472;70.49819553;;;
Belgium;BEL;;;;;;;;;;;;;;;;;;;;;;;;;;;;;;;;;;;;;;;;;2225.607623;2351.941619;2524.57853;2840.521062;2997.999313;3069.844254;3230.027812;3374.849029;3649.64777;3911.965897;4085.271366;4257.525758;4453.844015;4627.812922;4778.662273;5004.910661;5254.799674;5458.280538;5719.846284;6041.601891;6119.045977;6519.197558;;;
Benin;BEN;;;;;;;;;;;;;;;;;;;;;;;;;;;;;;;;;;;;;;;;;51.0322914;59.55192986;57.54541305;59.296933;63.98536776;64.83653229;68.72308606;64.93444426;60.85493188;66.28938743;69.3083683;70.44205457;74.65884199;74.32864945;73.89434096;76.18613606;81.10474036;78.27884345;89.77335328;82.54220587;83.00643378;97.18759938;;;
Burkina Faso;BFA;;;;;;;;;;;;;;;;;;;;;;;;;;;;;;;;;;;;;;;;;26.54012078;27.47732358;29.04780186;32.74762882;45.68289815;46.47899918;56.37991145;67.80127505;63.04156472;69.35843079;76.21387135;71.44135488;72.17297712;90.64410174;81.90085956;85.08298928;109.1738462;119.803244;105.1262068;116.9686636;143.5885148;152.7088895;;;
Bangladesh;BGD;;;;;;;;;;;;;;;;;;;;;;;;;;;;;;;;;;;;;;;;;28.41738288;29.41039749;33.22847987;35.36894702;38.30110632;42.69848803;47.46309629;53.26430571;55.62679164;60.06507997;66.49271329;73.76081591;82.23952717;85.739754;91.10420427;95.81131224;108.9215005;114.3542096;121.5304119;128.6381885;133.9129681;153.5740438;;;
Bulgaria;BGR;;;;;;;;;;;;;;;;;;;;;;;;;;;;;;;;;;;;;;;;;373;469;549;604;632;706;742;786;898;933;1058;1115;1227;1186;1349;1355;1491;1603;1681;1778;2139;2391;;;
Bahrain;BHR;;;;;;;;;;;;;;;;;;;;;;;;;;;;;;;;;;;;;;;;;1312.972702;1433.991594;1514.126103;1667.321593;1539.289705;1459.195056;1418.992162;1561.246207;1540.336147;2020.987421;1959.964758;1931.052366;2208.420232;2312.513621;2297.753074;2284.341337;2200.839295;2207.848079;2068.201303;2053.977565;2373.585575;2341.753004;;;
Bahamas, The;BHS;;;;;;;;;;;;;;;;;;;;;;;;;;;;;;;;;;;;;;;;;965.9968433;1030.99028;1030.990479;1080.025595;1111.006578;1164.569257;1297.254861;1390.391949;1475.889198;1485.903849;1536.558002;1578.640398;1630.67231;1696.66238;1759.381428;1664.826192;1837.84534;2303.22401;2127.753045;2133.827425;2150.389398;2369.338354;;;
Bosnia and Herzegovina;BIH;;;;;;;;;;;;;;;;;;;;;;;;;;;;;;;;;;;;;;;;;329;325;345;407;490;526;611;712;815;784;819;895;958;1018;1056;1093;1176;1198;1297;1439;1539;1693;;;
Belarus;BLR;;;;;;;;;;;;;;;;;;;;;;;;;;;;;;;;;;;;;;;;;308;359;380;428;490;589;617;706;740;738;847;787;925;1054;998;1070;1025;1030;1045;1147;1265;1389;;;
Belize;BLZ;;;;;;;;;;;;;;;;;;;;;;;;;;;;;;;;;;;;;;;;;225.312388;274.6556942;292.5760881;313.5408502;316.2301225;325.3139941;350.7043904;412.8975393;448.2939926;435.7880752;432.6109745;436.3878562;397.5688204;413.2355977;451.4331326;433.5903139;436.5594785;409.6298524;427.6068083;452.9536525;431.4163959;479.4455205;;;
Bermuda;BMU;;;;;;;;;;;;;;;;;;;;;;;;;;;;;;;;;;;;;;;;;;;;;;;;;;;;;;;;;;;;;;;;;
Bolivia;BOL;;;;;;;;;;;;;;;;;;;;;;;;;;;;;;;;;;;;;;;;;147.8656766;165.8117225;172.0892206;187.9985695;184.9363846;204.2377943;199.1614507;211.7922577;220.8769309;253.683426;264.2458325;277.4834701;305.4682026;362.4011636;408.0591502;458.0290116;501.9642145;535.1127992;572.4715448;612.2482399;649.8709767;721.8169786;;;
Brazil;BRA;;;;;;;;;;;;;;;;;;;;;;;;;;;;;;;;;;;;;;;;;749.6739338;786.8124543;827.1443876;793.8049528;845.6280134;880.2661031;958.1410187;1027.075582;1063.984617;1110.023875;1132.54524;1167.384279;1160.018986;1239.222773;1315.285906;1309.010776;1302.748426;1371.2345;1416.764708;1471.489065;1534.589783;1625.641236;;;
Barbados;BRB;;;;;;;;;;;;;;;;;;;;;;;;;;;;;;;;;;;;;;;;;694.3169807;716.3635248;774.6911713;917.9053826;1040.714927;1030.048385;1091.037499;1048.275929;1144.931788;1202.107977;1121.853299;1155.11369;1223.19036;1164.951513;1085.136795;1087.295131;1118.675649;1076.865109;1055.221781;1025.890281;1083.654312;1228.525836;;;
Brunei Darussalam;BRN;;;;;;;;;;;;;;;;;;;;;;;;;;;;;;;;;;;;;;;;;1869.337615;1923.543061;1980.584107;2094.513891;2081.631329;1854.456258;1676.123322;1727.487058;1643.12491;2041.575476;1794.926231;1534.164313;1602.710419;1562.410683;1532.058493;1469.795113;1413.725004;1366.088725;1473.679888;1404.597073;1555.089675;1456.427902;;;
Bhutan;BTN;;;;;;;;;;;;;;;;;;;;;;;;;;;;;;;;;;;;;;;;;116.6106972;137.458129;137.2504141;135.0968085;160.6926195;154.2453372;179.2607142;194.6941811;175.9881992;195.0747463;213.4078376;220.0866704;260.6579682;277.831917;283.6629262;333.1391747;346.780921;350.5236702;364.3314036;429.1484951;494.1659858;441.8262516;;;
Botswana;BWA;;;;;;;;;;;;;;;;;;;;;;;;;;;;;;;;;;;;;;;;;558.3613671;592.3790504;653.9884018;660.8068226;644.5785919;594.0824629;595.2899219;718.0677875;790.9775803;751.6714046;776.7871878;777.5940832;782.5214368;851.5728054;843.1678066;819.0378206;881.2363523;971.7263764;925.3133831;964.5758948;874.5876005;1095.999419;;;
Central African Republic;CAF;;;;;;;;;;;;;;;;;;;;;;;;;;;;;;;;;;;;;;;;;26.38558318;26.01376314;29.39134742;30.27787883;31.22410113;33.02139525;35.41870738;38.96689834;34.06174214;41.94574911;32.20221013;34.75639698;40.13150553;32.60195396;30.59408131;36.93946332;42.8701105;55.96283089;98.71232621;71.49656213;82.36219994;85.65123263;;;
Canada;CAN;;;;;;;;;;;;;;;;;;;;;;;;;;;;;;;;;;;;;;;;;2422.017833;2608.879;2745.604972;2917.287412;3078.593886;3285.148845;3565.457424;3741.068696;3882.510794;4148.245239;4286.290853;4326.78999;4447.522857;4614.791097;4697.612837;4793.062423;5126.219647;5268.307561;5456.314351;5497.487032;6175.259733;6552.219354;6443.422521;;
Central Europe and the Baltics;CEB;;;;;;;;;;;;;;;;;;;;;;;;;;;;;;;;;;;;;;;;;562.6183527;629.6498388;706.8025561;780.1436696;843.7818891;900.9582768;980.6723134;1079.364845;1242.847338;1328.068725;1417.001847;1444.79806;1500.097146;1574.514875;1630.152888;1688.328482;1833.401373;1950.977861;2078.577834;2307.128532;2496.643463;2748.555335;;;
Switzerland;CHE;;;;;;;;;;;;;;;;;;;;;;;;;;;;;;;;;;;;;;;;;3361.195981;3590.517554;3839.387584;3940.244456;4122.480199;4189.065508;4447.416118;4822.506118;5165.474922;5401.821389;5435.074597;5806.987192;6061.950618;6439.493303;6652.959825;7073.03929;7442.94721;7560.969693;7641.889406;8068.700416;8337.79285;8998.390839;;;
Channel Islands;CHI;;;;;;;;;;;;;;;;;;;;;;;;;;;;;;;;;;;;;;;;;;;;;;;;;;;;;;;;;;;;;;;;;
Chile;CHL;;;;;;;;;;;;;;;;;;;;;;;;;;;;;;;;;;;;;;;;;662.8019652;700.9483894;738.0894919;784.5503646;810.9342669;840.2207976;951.9380766;1048.419975;1115.425056;1168.625596;1234.666921;1382.368964;1515.139422;1676.431056;1786.249265;1895.055356;2010.392689;2231.441517;2358.520624;2396.848715;2426.100861;2647.611968;2755.666678;;
China;CHN;;;;;;;;;;;;;;;;;;;;;;;;;;;;;;;;;;;;;;;;;130.7358739;135.776338;154.2455922;173.586064;189.4002537;211.3504492;230.4430482;250.2782442;293.3659179;358.2501514;385.0882899;439.5453731;505.7609997;557.7079587;593.2996695;633.5446953;664.29036;711.7505614;789.6848536;885.8360482;963.498017;1032.667568;;;
Cote d'Ivoire;CIV;;;;;;;;;;;;;;;;;;;;;;;;;;;;;;;;;;;;;;;;;175.94805;173.1882308;168.7754354;156.0762053;157.7308622;147.9168439;144.6029908;141.1439133;149.2172075;150.1865188;155.6984066;144.1128788;157.3278282;142.8810386;158.8542048;147.4658668;155.8775573;157.0231189;158.0621166;175.7635943;200.1857781;187.8897728;;;
Cameroon;CMR;;;;;;;;;;;;;;;;;;;;;;;;;;;;;;;;;;;;;;;;;85.67038364;84.09456457;90.0410433;91.30713846;93.2884407;96.85478648;99.90112277;103.3243701;103.8518578;99.69074455;103.1281428;113.9344661;118.8096054;115.983545;127.6183887;123.5902917;127.9073681;125.4058408;138.33309;142.9611956;145.9380228;155.5611965;;;
Congo, Dem. Rep.;COD;;;;;;;;;;;;;;;;;;;;;;;;;;;;;;;;;;;;;;;;;6.343143272;11.02419168;10.95311439;16.63337045;20.54935435;21.12431837;23.01765327;24.12387833;29.30260636;26.69454313;23.80034854;21.22161722;21.48688592;26.10535374;32.80123357;34.83702901;40.70909615;42.54308735;35.13068983;38.08990294;44.61083549;45.61236952;;;
Congo, Rep.;COG;;;;;;;;;;;;;;;;;;;;;;;;;;;;;;;;;;;;;;;;;57.19383336;82.00285101;67.19153008;75.76958171;77.43898947;73.96369092;78.88044389;81.17282578;100.1677063;103.4245376;95.41064856;91.19351285;115.7823835;112.9336091;112.1080239;109.2958558;102.3293153;102.7611225;73.5688659;99.10616799;156.9188562;124.9104323;;;
Colombia;COL;;;;;;;;;;;;;;;;;;;;;;;;;;;;;;;;;;;;;;;;;377.2258209;407.1039968;402.6379683;423.487098;453.4164813;505.3403847;573.0217172;635.6551067;697.1015134;749.7165785;758.206639;785.0923825;807.8455798;889.1659359;952.5601086;996.502149;1052.205365;1100.726918;1156.113251;1234.794084;1316.130475;1542.482056;;;
Comoros;COM;;;;;;;;;;;;;;;;;;;;;;;;;;;;;;;;;;;;;;;;;132.0066353;122.0779426;127.1860514;128.9308437;128.6439436;127.1322762;122.0859573;117.9760742;114.6272574;113.4168326;118.1951429;130.6630631;137.3957753;142.6411855;151.2388409;132.7256864;142.0590425;170.6950529;163.9825776;176.6087872;198.3287726;222.6789866;;;
Cabo Verde;CPV;;;;;;;;;;;;;;;;;;;;;;;;;;;;;;;;;;;;;;;;;127.8285455;140.8907325;148.4917316;147.2845147;161.5749972;174.1668996;200.2267369;209.8891949;193.0007191;205.6047069;240.8359841;242.9308072;282.7059201;290.4369206;290.6254226;274.7694666;291.4566683;332.9781713;347.4349231;356.267833;408.3970633;505.6389095;;;
Costa Rica;CRI;;;;;;;;;;;;;;;;;;;;;;;;;;;;;;;;;;;;;;;;;526.5823797;539.4921438;591.0706454;627.871195;630.8233936;670.0306805;760.4822493;840.7691469;944.8859011;978.7601067;1052.445125;1120.568462;1135.495043;1173.780686;1254.053587;1321.976356;1382.818256;1420.897686;1540.555722;1632.596892;1697.62912;1713.844129;;;
Caribbean small states;CSS;;;;;;;;;;;;;;;;;;;;;;;;;;;;;;;;;;;;;;;;;440.6934104;430.0546016;474.3929445;503.1637587;543.8632037;567.0784562;630.067742;661.7344934;687.8686221;704.1370707;712.7495776;741.634523;760.4671345;791.2676613;804.806713;824.1067657;839.1361221;925.5102489;994.342129;1084.066708;1097.209142;1142.459301;;;
Cuba;CUB;;;;;;;;;;;;;;;;;;;;;;;;;;;;;;;;;;;;;;;;;548.9310466;640.6062312;713.1875357;758.9952936;750.0191913;1070.929469;1291.471543;1839.72361;1968.037203;2181.369684;2029.871844;2158.661463;1879.450753;2221.229434;2700.486267;3176.121847;2492.109398;2466.84572;2484.068216;2552.083076;2594.518249;3033.187232;;;
Curacao;CUW;;;;;;;;;;;;;;;;;;;;;;;;;;;;;;;;;;;;;;;;;;;;;;;;;;;;;;;;;;;;;;;;;
Cayman Islands;CYM;;;;;;;;;;;;;;;;;;;;;;;;;;;;;;;;;;;;;;;;;;;;;;;;;;;;;;;;;;;;;;;;;
Cyprus;CYP;;;;;;;;;;;;;;;;;;;;;;;;;;;;;;;;;;;;;;;;;1136;1228;1331;1377;1412;1520;1655;1783;2123;2221;2206;2177;2091;2100;2078;2170;2396;2558;2795;3133;3498;4206;;;
Czechia;CZE;;;;;;;;;;;;;;;;;;;;;;;;;;;;;;;;;;;;;;;;;923.6418115;1031.719636;1127.055925;1274.911958;1329.571355;1402.737212;1476.6056;1580.223095;1777.905184;2015.990417;2117.718486;2193.885607;2231.655852;2317.521246;2477.290248;2499.876681;2690.8508;2869.785138;3079.398921;3368.604968;3947.017118;4249.36158;;;
Germany;DEU;;;;;;;;;;;;;;;;;;;;;;;;;;;;;;;;;;;;;;;;;2691.500394;2817.890495;2973.189141;3111.092393;3178.56554;3277.211977;3474.402418;3645.628694;3870.153021;4132.503657;4320.760793;4588.341879;4711.7534;4956.393219;5197.239076;5359.852392;5698.08169;6026.141316;6345.448673;6730.347103;7167.872249;7606.962804;8166.128971;;
Djibouti;DJI;;;;;;;;;;;;;;;;;;;;;;;;;;;;;;;;;;;;;;;;;79.12319954;75.12326478;89.70249391;105.1156521;90.49976744;101.9755677;119.9395854;121.6168866;114.5629056;115.6339163;110.2175025;119.0380648;118.818493;108.9319704;115.6377069;138.7561059;116.8804703;109.8932573;109.9423018;107.6562224;107.8302982;150.3390785;;;
Dominica;DMA;;;;;;;;;;;;;;;;;;;;;;;;;;;;;;;;;;;;;;;;;352.9827433;315.8964441;311.764676;351.094254;362.894034;394.5947694;408.8121669;447.2480456;514.4104782;505.1282145;532.4992827;561.3429896;593.6259006;559.734746;588.4036755;584.419687;623.0192405;628.7314406;750.4484256;667.7049841;648.761847;753.3220553;;;
Denmark;DNK;;;;;;;;;;;;;;;;;;;;;;;;;;;;;;;;;;;;;;;;;2327;2492;2670;2748;2971;3109;3429;3647;3939;4314;4572;4629;4724;4837;4952;5095;5348;5606;5817;6091;6434;7043;7158;;
Dominican Republic;DOM;;;;;;;;;;;;;;;;;;;;;;;;;;;;;;;;;;;;;;;;;321.2422377;331.4138554;354.0993177;309.15138;313.769037;354.8112574;361.5641948;410.6901521;475.7648155;498.1945488;557.2219962;592.498645;594.8647796;607.0464749;639.1212996;687.781197;728.194955;742.508433;738.6319548;802.8725062;873.7225013;1006.378446;;;
Algeria;DZA;;;;;;;;;;;;;;;;;;;;;;;;;;;;;;;;;;;;;;;;;296.9282057;339.2931252;348.918426;363.2746807;377.5611987;371.333488;397.954399;473.5694058;534.2341453;684.341286;672.4534188;713.4293743;800.909964;790.96993;854.9435188;840.5858172;769.9584565;759.2412957;766.8586495;710.9958672;706.2013654;672.252513;;;
East Asia & Pacific (excluding high income);EAP;;;;;;;;;;;;;;;;;;;;;;;;;;;;;;;;;;;;;;;;;126.7944556;134.2339671;147.8778311;166.838743;180.5677197;203.6914861;222.9740436;243.7098478;275.5636685;324.4132283;346.8787265;391.6349786;444.3319191;482.1315439;512.9878839;544.0932424;571.4775754;607.9994834;669.0248334;742.3545142;803.9091231;877.0356831;;;
Early-demographic dividend;EAR;;;;;;;;;;;;;;;;;;;;;;;;;;;;;;;;;;;;;;;;;174.7875152;187.9286063;188.5557742;201.3308293;211.8012169;228.6631621;246.0101716;264.0623805;274.3340632;298.5144646;304.6674718;319.0378709;336.1074797;358.0441716;369.3028356;384.6271168;400.3559635;402.3124936;408.0466411;413.5361421;430.8589993;468.8595253;;;
East Asia & Pacific;EAS;;;;;;;;;;;;;;;;;;;;;;;;;;;;;;;;;;;;;;;;;279.8355242;296.7845628;315.9502878;342.0244677;364.6643479;397.4077006;427.6311814;459.4436776;500.8379365;558.9231628;595.0720709;673.1630463;734.4825767;784.7842651;822.7484684;865.6807164;894.4505227;936.7766258;1007.320634;1089.70217;1155.711988;1244.933976;;;
Europe & Central Asia (excluding high income);ECA;;;;;;;;;;;;;;;;;;;;;;;;;;;;;;;;;;;;;;;;;285.0276196;304.8568468;333.8096262;367.7514622;411.0890429;452.524448;514.1215484;552.4407567;592.1979187;614.6654135;633.8702603;664.085219;708.9390686;761.5330284;780.3955139;795.7214423;842.5886721;863.962879;884.6384739;932.2564386;1016.967425;1136.189035;;;
Europe & Central Asia;ECS;;;;;;;;;;;;;;;;;;;;;;;;;;;;;;;;;;;;;;;;;1209.782478;1298.463713;1402.853363;1484.473677;1568.007185;1654.207743;1815.537967;1919.062841;2093.638761;2213.272844;2256.871544;2331.551942;2404.090226;2515.176873;2583.2782;2633.964785;2765.01121;2887.795864;3020.350045;3229.686204;3516.585727;3817.540462;;;
Ecuador;ECU;;;;;;;;;;;;;;;;;;;;;;;;;;;;;;;;;;;;;;;;;195.3177533;230.0474327;284.8316896;356.539147;398.3471144;427.2859908;460.8064566;452.4457014;485.2589851;512.4412787;566.3880502;648.981912;707.3038249;766.760936;799.9324071;841.9835361;820.8737706;880.3007189;930.1899316;922.4553681;913.1397127;971.2462474;;;
Egypt, Arab Rep.;EGY;;;;;;;;;;;;;;;;;;;;;;;;;;;;;;;;;;;;;;;;;288.8935096;328.7062401;341.5804785;333.7182628;324.9762073;347.870112;369.6231032;365.9765525;393.8256876;398.8538741;394.4844738;420.5161464;494.9054793;522.4020209;517.9419926;581.1656721;568.2484015;587.8610742;551.3840168;563.539059;523.9776573;615.4600646;;;
Euro area;EMU;;;;;;;;;;;;;;;;;;;;;;;;;;;;;;;;;;;;;;;;;2147.515855;2280.079897;2429.153341;2531.376173;2643.340969;2765.562612;2987.042799;3131.831918;3354.330444;3527.733003;3613.15495;3734.434474;3800.240653;3939.808498;4043.061438;4146.141943;4382.053383;4577.940241;4773.690229;5099.741957;5373.114427;5765.726662;;;
Eritrea;ERI;;;;;;;;;;;;;;;;;;;;;;;;;;;;;;;;;;;;;;;;;69.71475751;77.34539198;88.35820792;92.37275094;88.27359571;89.22907876;89.46924649;70.61752143;68.60875171;63.40764161;62.57827638;84.17503429;62.45829106;74.54399709;79.86721743;70.77898748;62.48316523;61.61903993;72.75369088;84.16587215;75.66146998;79.74720385;;;
Spain;ESP;;;;;;;;;;;;;;;;;;;;;;;;;;;;;;;;;;;;;;;;;1471.305354;1560.726578;1673.402786;1910.683309;2019.822132;2152.136691;2425.919684;2596.821784;2805.623791;2930.834034;2894.685561;2926.374425;2900.921821;2933.97154;3045.051264;3185.047929;3340.996446;3542.688429;3674.162932;3959.185836;4084.519466;4367.577583;;;
Estonia;EST;;;;;;;;;;;;;;;;;;;;;;;;;;;;;;;;;;;;;;;;;485.6918516;491.5310873;546.9086139;672.6954022;773.7924356;878.2357907;959.306444;1148.930297;1357.02214;1400.452373;1423.699829;1490.137322;1581.462594;1722.098348;1839.727416;1938.466804;2098.463269;2234.290796;2441.556277;2663.286271;2990.551971;3258.781031;3313.319948;;
Ethiopia;ETH;;;;;;;;;;;;;;;;;;;;;;;;;;;;;;;;;;;;;;;;;20.79083168;24.20903597;24.18142069;24.36388002;24.32821349;25.91911727;31.27844908;39.03399063;36.65973492;42.36683118;55.2210841;49.78651011;54.08655019;51.39118676;60.04663217;62.35116488;66.55804009;68.65189668;69.93469358;73.52858483;82.72004392;81.73697651;;;
European Union;EUU;;;;;;;;;;;;;;;;;;;;;;;;;;;;;;;;;;;;;;;;;1814.7902;1938.785303;2078.549878;2177.231077;2280.961855;2388.822572;2582.956852;2721.060248;2935.022042;3094.148362;3184.195524;3307.844522;3376.530196;3508.698829;3606.98068;3704.254776;3924.233758;4108.960356;4294.281844;4599.201409;4859.961985;5231.268835;;;
Fragile and conflict affected situations;FCS;;;;;;;;;;;;;;;;;;;;;;;;;;;;;;;;;;;;;;;;;84.44048999;91.91437883;95.06158648;125.2745863;136.0386939;136.9393909;144.1909796;153.3679487;153.3323925;166.9693102;162.4837455;161.3329858;163.332066;178.7934348;184.6186843;186.1018415;201.3755802;201.1511142;193.8581734;191.6657773;196.9063045;212.1913655;;;
Finland;FIN;;;;;;;;;;;;;;;;;;;;;;;;;;;;;;;;;;;;;;;;;1900;2016;2182;2306;2515;2656;2854;3059;3344;3479;3561;3774;3918;4069;4084;4099;4214;4342;4485;4752;5038;5613;;;
Fiji;FJI;;;;;;;;;;;;;;;;;;;;;;;;;;;;;;;;;;;;;;;;;211.4060463;185.3366653;197.5427893;201.0796386;236.0304667;243.1683744;260.0019324;267.594713;253.1711551;277.5723313;278.2625081;267.41678;296.8894609;313.2879403;361.7284602;390.8157167;393.5536972;408.626207;559.5978132;586.7159241;551.6879711;612.3770387;;;
France;FRA;;;;;;;;;;;;;;;;;;;;;;;;;;;;;;;;;;;;;;;;;2516.312911;2685.141408;2876.459911;2858.232272;2973.376356;3135.555899;3392.749522;3540.80955;3706.475669;3936.053059;4053.091788;4211.189236;4281.725594;4531.500376;4642.596992;4682.919842;4930.04366;5069.786886;5226.19721;5617.516485;5860.995121;6330.466961;;;
Faroe Islands;FRO;;;;;;;;;;;;;;;;;;;;;;;;;;;;;;;;;;;;;;;;;;;;;;;;;;;;;;;;;;;;;;;;;
Micronesia, Fed. Sts.;FSM;;;;;;;;;;;;;;;;;;;;;;;;;;;;;;;;;;;;;;;;;163.4345077;185.4898319;176.6552358;222.1841645;278.8220736;434.8306999;272.5392951;285.1327581;310.2885652;332.4870768;360.7214703;378.2468596;353.2632433;340.2939661;326.6739413;365.2643199;390.7682971;378.7953689;369.594373;366.3584467;348.4035731;353.0963223;;;
Gabon;GAB;;;;;;;;;;;;;;;;;;;;;;;;;;;;;;;;;;;;;;;;;387.4503631;427.8024345;445.6127911;480.5046765;455.5850102;407.5973928;423.4237508;457.002496;384.77039;519.5625222;348.6724678;380.1651123;354.1552165;410.1574779;372.8788119;375.0656749;427.3024885;402.599089;400.6338943;417.7204681;500.5798156;411.0040192;;;
United Kingdom;GBR;;;;;;;;;;;;;;;;;;;;;;;;;;;;;;;;;;;;;;;;;1895.530762;2052.589073;2230.400482;2450.897973;2673.062329;2748.61276;3009.656072;3077.968512;3331.495531;3538.694098;3646.110552;3711.936674;3827.542293;3960.322882;4087.614259;4190.535654;4320.893645;4438.516187;4606.094824;4921.893131;5581.509204;6159.79634;6265.54315;;
Georgia;GEO;;;;;;;;;;;;;;;;;;;;;;;;;;;;;;;;;;;;;;;;;219;241;287;338;372;423;454;515;615;680;677;659;775;821;902;886;1016;948;1026;1026;1228;1413;1463;;
Ghana;GHA;;;;;;;;;;;;;;;;;;;;;;;;;;;;;;;;;;;;;;;;;69.52685176;81.8076914;76.9760605;78.44260366;80.59470172;112.9354969;120.6574258;126.8125316;138.0744369;160.1587294;163.9160099;209.1030486;198.8837976;235.043484;215.9363056;228.138699;163.1298595;183.9160648;199.7652425;239.4922921;223.0445183;247.9073421;;;
Gibraltar;GIB;;;;;;;;;;;;;;;;;;;;;;;;;;;;;;;;;;;;;;;;;;;;;;;;;;;;;;;;;;;;;;;;;
Guinea;GIN;;;;;;;;;;;;;;;;;;;;;;;;;;;;;;;;;;;;;;;;;53.07951113;57.07627629;66.71153852;60.79300451;62.49218084;61.23678689;53.14526036;54.63080627;53.32399665;56.79400761;56.25928398;65.41505519;60.07453604;61.76969182;85.01086897;103.9275213;110.3727051;93.3202014;94.61101359;108.4567457;106.4749177;109.3664246;;;
Gambia, The;GMB;;;;;;;;;;;;;;;;;;;;;;;;;;;;;;;;;;;;;;;;;201.8112378;179.7897323;191.1047287;171.7244896;107.8337149;104.7895889;105.2149936;98.39384763;97.13187148;96.84253325;92.85490661;89.55047569;86.79455918;76.73297825;57.20888733;60.77246716;61.30698743;64.64225249;68.90580353;68.58003252;80.32461701;72.76535965;;;
Guinea-Bissau;GNB;;;;;;;;;;;;;;;;;;;;;;;;;;;;;;;;;;;;;;;;;46.19518707;50.92592355;46.63798786;43.18172534;50.84305361;56.57699467;63.90092112;66.08229956;74.50381263;64.02223183;75.7997913;91.43645008;82.95198458;98.91366382;143.5441415;138.6674809;149.2718203;142.7008457;142.6053316;145.6756289;182.2586468;174.1371135;;;
Equatorial Guinea;GNQ;;;;;;;;;;;;;;;;;;;;;;;;;;;;;;;;;;;;;;;;;83.39331754;149.3396724;393.7367983;385.0557489;369.1946384;313.0936942;332.1549448;378.1646048;371.0547302;571.7622585;460.8598105;422.4272059;491.5998629;493.9009879;512.1318352;488.201159;508.1632843;538.9302158;518.8044007;536.2659278;622.459158;547.4501216;;;
Greece;GRC;;;;;;;;;;;;;;;;;;;;;;;;;;;;;;;;;;;;;;;;;1417.775773;1678.136214;1864.497566;2021.425269;2063.539026;2194.105554;2360.787854;2465.39571;2728.051868;2859.163619;2679.171336;2356.136482;2214.806296;2185.091264;2094.479563;2192.190722;2322.725935;2324.130451;2403.162222;2553.477996;2695.573184;2860.611494;;;
Grenada;GRD;;;;;;;;;;;;;;;;;;;;;;;;;;;;;;;;;;;;;;;;;391.491223;409.712737;471.3797805;448.2091769;460.9987986;512.8139749;500.9813147;555.7277225;584.004348;549.9673339;548.4756051;599.476623;602.6424203;618.6525276;574.6795055;605.7977775;612.9649711;692.4220525;722.9369652;791.1519364;772.4730371;843.4757052;;;
Greenland;GRL;;;;;;;;;;;;;;;;;;;;;;;;;;;;;;;;;;;;;;;;;;;;;;;;;;;;;;;;;;;;;;;;;
Guatemala;GTM;;;;;;;;;;;;;;;;;;;;;;;;;;;;;;;;;;;;;;;;;271.6167104;312.5490326;319.2204645;333.2555823;348.0165105;353.7340632;389.3827595;401.7573218;407.7018242;412.2826002;405.5839834;408.2988825;430.2083827;419.2552476;445.0183336;478.8206221;484.8736658;495.488663;513.7183108;541.6532542;555.6801526;665.3437144;;;
Guam;GUM;;;;;;;;;;;;;;;;;;;;;;;;;;;;;;;;;;;;;;;;;;;;;;;;;;;;;;;;;;;;;;;;;
Guyana;GUY;;;;;;;;;;;;;;;;;;;;;;;;;;;;;;;;;;;;;;;;;158.1699954;159.2604291;173.3162164;179.763008;193.5227614;213.3699704;240.101136;282.8133054;291.9867175;315.279392;332.0937978;379.6629838;394.5760645;425.788817;439.3828383;457.867502;461.2931442;526.6561998;621.4461855;655.1600104;1070.331855;1133.619403;;;
High income;HIC;;;;;;;;;;;;;;;;;;;;;;;;;;;;;;;;;;;;;;;;;2247.978982;2418.694104;2605.404514;2777.498105;2934.940699;3102.287214;3330.479583;3512.294384;3703.053913;3894.441766;4010.036385;4179.664703;4321.25617;4471.931687;4649.05041;4815.998531;5008.076408;5195.467297;5411.055097;5680.350597;6201.359667;6513.899535;;;
Hong Kong SAR, China;HKG;;;;;;;;;;;;;;;;;;;;;;;;;;;;;;;;;;;;;;;;;;;;;;;;;;;;;;;;;;;;;;;;;
Honduras;HND;;;;;;;;;;;;;;;;;;;;;;;;;;;;;;;;;;;;;;;;;160.240653;155.0141427;167.5454361;192.1038744;203.3585631;237.5563419;267.1964128;292.8395517;323.7978755;325.3966612;324.5134132;339.6873902;343.0610068;344.793115;345.7522385;353.9197587;388.8546187;381.7033158;411.5829436;427.3838484;479.1780658;560.7978654;;;
Heavily indebted poor countries (HIPC);HPC;;;;;;;;;;;;;;;;;;;;;;;;;;;;;;;;;;;;;;;;;53.5007284;56.42287597;60.54170638;65.02953057;69.88722248;76.53460444;85.70846897;89.82402148;91.89778257;98.97509606;100.2548132;104.4015109;104.5582283;112.6332104;116.9079042;120.2033384;127.1750141;126.3826557;126.5938666;133.2651443;135.4044264;143.8088718;;;
Croatia;HRV;;;;;;;;;;;;;;;;;;;;;;;;;;;;;;;;;;;;;;;;;811;836;784;862;955;1057;1217;1445;1604;1633;1599;1613;1644;1420;1475;1553;1692;1798;1943;2143;2288;2703;;;
Haiti;HTI;;;;;;;;;;;;;;;;;;;;;;;;;;;;;;;;;;;;;;;;;88.33600924;83.0681676;76.67656255;81.947738;79.17012187;79.78551606;86.6547189;96.06014964;101.8630481;99.586927;122.073166;168.306978;155.884467;122.8465136;135.8046252;148.9456648;150.0136432;121.7715984;141.3016973;126.4254626;100.5543238;109.7033245;;;
Hungary;HUN;;;;;;;;;;;;;;;;;;;;;;;;;;;;;;;;;;;;;;;;;803;901;1033;1255;1261;1365;1429;1374;1468;1495;1617;1720;1722;1773;1808;1834;1949;1987;2099;2176;2485;2706;;;
IBRD only;IBD;;;;;;;;;;;;;;;;;;;;;;;;;;;;;;;;;;;;;;;;;214.9710878;230.6064463;243.5595096;259.9474671;278.6834077;301.5673377;330.2885202;358.6895364;393.381023;435.2717395;449.8661129;478.4180641;515.0421051;551.972546;573.9685263;594.3233527;616.6067488;641.8383636;681.1470864;722.7609968;775.4146828;843.2717719;;;
IDA & IBRD total;IBT;;;;;;;;;;;;;;;;;;;;;;;;;;;;;;;;;;;;;;;;;182.1084355;194.7015104;204.4860587;219.7222253;234.7421832;253.6949925;277.3545509;299.5489304;326.1838211;358.7544195;368.3461345;389.7478932;417.3985338;448.0568238;464.9861433;480.5694722;499.5510526;517.0834159;545.3281692;577.3178151;616.3209524;669.3440157;;;
IDA total;IDA;;;;;;;;;;;;;;;;;;;;;;;;;;;;;;;;;;;;;;;;;62.84676728;66.05289163;68.78188927;81.04654126;85.16951128;92.82149876;101.8360613;106.1802566;109.4423797;115.191397;114.6402558;117.2174848;121.1134316;131.2224241;136.5251875;141.8028818;148.1135864;149.5533211;150.2593453;157.3741744;163.6878609;182.3611686;;;
IDA blend;IDB;;;;;;;;;;;;;;;;;;;;;;;;;;;;;;;;;;;;;;;;;81.94749909;84.11982051;83.46474362;111.1088137;113.165447;124.0384699;134.3878788;137.5821537;139.8159291;141.9555486;137.2440092;137.7580459;142.3417468;153.7220756;157.0319905;163.9055011;167.4722345;172.2303381;169.4308942;175.0752268;188.1439868;219.7562878;;;
Indonesia;IDN;;;;;;;;;;;;;;;;;;;;;;;;;;;;;;;;;;;;;;;;;94.35726941;112.727056;110.3233279;132.0351147;132.5725838;170.4266002;189.2848255;219.9615882;212.9841888;223.3713373;235.2882113;269.7274806;281.0857661;287.1933514;303.3696982;298.8378674;316.7318132;317.7721968;334.6382556;355.74793;415.6324598;483.0068905;;;
IDA only;IDX;;;;;;;;;;;;;;;;;;;;;;;;;;;;;;;;;;;;;;;;;53.19790705;56.89412624;61.52595885;66.13525401;71.24370841;77.25281095;85.56730992;90.42862563;94.1376083;101.6483399;102.8321013;106.4627031;109.989418;119.1549946;125.5522436;130.0130336;137.5017679;137.2934466;139.9242924;147.8609639;150.5821748;162.3670158;;;
Isle of Man;IMN;;;;;;;;;;;;;;;;;;;;;;;;;;;;;;;;;;;;;;;;;;;;;;;;;;;;;;;;;;;;;;;;;
India;IND;;;;;;;;;;;;;;;;;;;;;;;;;;;;;;;;;;;;;;;;;86;95;98;100;108;113;118;126;130;138;141;145;161;188;188;195;202;179;188;204;216;236;;;
Not classified;INX;;;;;;;;;;;;;;;;;;;;;;;;;;;;;;;;;;;;;;;;;;;;;;;;;;;;;;;;;;;;;;;;;
Ireland;IRL;;;;;;;;;;;;;;;;;;;;;;;;;;;;;;;;;;;;;;;;;1795.209064;2100.439002;2369.66886;2563.444661;2825.203677;3128.888391;3376.193097;3701.915659;4059.450616;4377.50873;4557.976886;4791.451799;4927.180328;4931.944172;4885.84227;5093.679329;5375.688508;5582.931932;5544.285487;6056.008947;6706.690218;7196.312827;7875.468798;;
Iran, Islamic Rep.;IRN;;;;;;;;;;;;;;;;;;;;;;;;;;;;;;;;;;;;;;;;;488.2229787;544.8286013;541.7434869;640.6374822;674.4286595;736.3287745;771.271874;807.7635453;850.3747981;1048.580577;1139.223231;1157.452691;1025.934134;884.2091927;997.6384381;1041.712599;1171.778096;1187.975064;1165.536153;920.9448498;822.2566652;951.153882;;;
Iraq;IRQ;;;;;;;;;;;;;;;;;;;;;;;;;;;;;;;;;;;;;;;;;;;;182.5229313;358.7154138;282.3822234;252.3668983;343.3432345;354.304033;437.4715211;391.9504172;359.5236075;384.6346373;407.7502881;372.4808704;308.8512589;411.7036081;413.4655836;422.0410574;457.4907779;533.1003802;513.2384807;;;
Iceland;ISL;;;;;;;;;;;;;;;;;;;;;;;;;;;;;;;;;;;;;;;;;2648;2788;3063;3178;3319;3336;3393;3461;3645;3670;3323;3355;3434;3628;3782;3967;4327;4593;4789;5111;5218;5697;5824;;
Israel;ISR;;;;;;;;;;;;;;;;;;;;;;;;;;;;;;;;;;;;;;;;;1748;1865;1863;1746;1829;1826;1824;1948;1975;2007;2099;2219;2350;2521;2557;2636;2840;2968;3055;3089;3262;3665;;;
Italy;ITA;;;;;;;;;;;;;;;;;;;;;;;;;;;;;;;;;;;;;;;;;2049;2170;2264;2294;2421;2517;2741;2788;3040;3103;3139;3212;3213;3216;3210;3265;3482;3605;3733;3959;4138;4372;4675;;
Jamaica;JAM;;;;;;;;;;;;;;;;;;;;;;;;;;;;;;;;;;;;;;;;;364.1855727;343.0305863;325.4158934;304.4500606;358.8515741;351.6237053;343.6121515;450.6682784;478.689195;420.9335655;430.0937504;439.866989;411.883223;431.2112331;455.7704654;511.6186756;543.5259175;613.9111216;620.87999;651.0250452;642.8283804;757.5181623;;;
Jordan;JOR;;;;;;;;;;;;;;;;;;;;;;;;;;;;;;;;;;;;;;;;;578.9851268;626.0539637;643.0529352;630.4841999;678.4910894;724.2002681;685.6146791;736.6308635;803.4023514;902.6376328;809.8498551;825.7018609;805.8989788;739.5910516;681.7959454;689.2275186;631.8564708;684.5848168;685.2635941;696.324978;683.2173783;738.5231805;;;
Japan;JPN;;;;;;;;;;;;;;;;;;;;;;;;;;;;;;;;;;;;;;;;;1920;2024;2107;2204;2325;2463;2584;2724;2853;3004;3202;3793;4006;4198;4237;4393;4330;4427;4546;4668;4625;4676;;;
Kazakhstan;KAZ;;;;;;;;;;;;;;;;;;;;;;;;;;;;;;;;;;;;;;;;;314;303;351;401;479;526;518;455;534;617;516;531;657;641;723;695;802;747;727;756;992;1114;;;
Kenya;KEN;;;;;;;;;;;;;;;;;;;;;;;;;;;;;;;;;;;;;;;;;75.08202121;80.63602528;82.03441798;87.4492765;94.32850586;99.30499556;119.5665858;130.0571184;130.0952423;130.8343698;142.2366692;143.4872683;144.0524064;155.2255142;168.0746427;179.3206053;191.4002345;171.9114808;187.3864308;209.499089;212.3850889;236.9848455;;;
Kyrgyz Republic;KGZ;;;;;;;;;;;;;;;;;;;;;;;;;;;;;;;;;;;;;;;;;82;84;91;125;144;177;207;191;197;213;213;233;307;331;316;303;303;316;268;251;269;302;;;
Cambodia;KHM;;;;;;;;;;;;;;;;;;;;;;;;;;;;;;;;;;;;;;;;;70.44188397;81.98044144;89.89772607;93.81044331;106.5581933;118.2670127;118.6411445;105.8706569;152.2670003;173.5604983;167.1826834;195.5037223;208.2163081;216.7391149;214.361602;211.3238695;226.8218453;224.5089115;261.9660068;318.6978042;320.7580911;360.3346672;;;
Kiribati;KIR;;;;;;;;;;;;;;;;;;;;;;;;;;;;;;;;;;;;;;;;;129;182;181;166;191;188;190;194;234;223;151;144;152;174;183;161;205;225;270;257;342;346;;;
St. Kitts and Nevis;KNA;;;;;;;;;;;;;;;;;;;;;;;;;;;;;;;;;;;;;;;;;732.6553166;710.241088;736.1738861;766.4676667;771.5152107;915.9066982;1023.339874;1014.972284;1268.334524;1225.660144;1220.776803;1248.721276;1161.580836;1227.577548;1257.311027;1362.009758;1516.598544;1545.612217;1500.357554;1686.296802;1593.723562;1793.167946;;;
Korea, Rep.;KOR;;;;;;;;;;;;;;;;;;;;;;;;;;;;;;;;;;;;;;;;;718.1074617;853.0451069;864.8211798;953.4054843;1022.016761;1152.577812;1314.089819;1453.966289;1592.267653;1694.635095;1875.052571;1955.010914;2047.405161;2120.166357;2270.735404;2498.494045;2714.146364;2878.052758;3218.802587;3546.031156;3731.29981;4366.951254;4946.783359;;
Kuwait;KWT;;;;;;;;;;;;;;;;;;;;;;;;;;;;;;;;;;;;;;;;;1306.984989;1881.888696;1877.548803;1933.475651;1823.78984;1711.967085;1623.539051;1762.691179;1738.446017;2168.57227;2014.275949;1837.515717;1902.984456;1878.024611;2005.228132;1953.487224;2066.43326;2327.001147;2600.132291;2642.882324;2940.724475;2908.251613;;;
Latin America & Caribbean (excluding high income);LAC;;;;;;;;;;;;;;;;;;;;;;;;;;;;;;;;;;;;;;;;;568.6927109;597.8651413;606.6693251;622.4375068;660.4132066;706.397565;768.2931537;838.6536209;883.0685228;932.0626445;951.4824329;992.3072696;1012.081178;1070.812358;1114.299978;1153.093821;1147.467293;1213.089464;1243.230487;1271.706464;1305.585647;1405.25137;;;
Lao PDR;LAO;;;;;;;;;;;;;;;;;;;;;;;;;;;;;;;;;;;;;;;;;79.46338834;86.93679504;83.24161481;107.2632427;92.0337795;93.94207712;92.39019004;107.4943569;98.95665779;133.3673103;115.8518053;81.78859337;99.53797764;125.7964385;133.9626049;150.3217655;160.5009272;182.0950001;173.5632688;213.2537145;164.7028956;234.1689172;;;
Lebanon;LBN;;;;;;;;;;;;;;;;;;;;;;;;;;;;;;;;;;;;;;;;;849.1900271;863.6286888;786.8129955;753.3962278;772.6579849;760.8545308;898.9320597;978.8347123;977.8738525;959.9357009;1103.547133;1236.902603;1109.522636;1101.518148;1127.337702;1140.538856;1314.424091;1389.732433;1485.070841;1545.493849;901.1561337;528.0859726;;;
Liberia;LBR;;;;;;;;;;;;;;;;;;;;;;;;;;;;;;;;;;;;;;;;;27.75357379;22.68600598;23.75772458;18.3885558;47.75998798;55.57738751;49.53013557;37.33065981;53.78774775;109.5846364;100.8131502;99.56313627;89.85830187;90.43543248;114.9531624;127.6549745;132.1875878;157.2884757;153.8154952;118.5319765;247.4290922;259.805156;;;
Libya;LBY;;;;;;;;;;;;;;;;;;;;;;;;;;;;;;;;;;;;;;;;;726.7108662;843.6106924;999.6270945;942.0089707;838.5785879;701.2797898;666.2057733;749.0282676;692.1675051;1041.065448;992.629148;646.7234905;;;;;;;;;;;;;
St. Lucia;LCA;;;;;;;;;;;;;;;;;;;;;;;;;;;;;;;;;;;;;;;;;442.1317164;456.5060381;486.2180317;498.9354792;496.3496003;516.1549284;592.1202412;662.0569709;644.0333377;648.6939164;636.9384569;683.0327802;654.3357545;693.1372123;646.8840025;623.7217289;648.7562697;666.7340298;669.72123;675.223827;834.5425659;890.1025145;;;
Latin America & Caribbean;LCN;;;;;;;;;;;;;;;;;;;;;;;;;;;;;;;;;;;;;;;;;574.8818537;604.1378112;613.7441135;630.4382644;667.824126;712.731307;776.5668883;848.404378;893.9633794;943.7492401;965.4178072;1009.774992;1033.348962;1095.870763;1142.75212;1184.804624;1185.798635;1257.675978;1292.775822;1267.615901;1302.076974;1402.96551;;;
Least developed countries: UN classification;LDC;;;;;;;;;;;;;;;;;;;;;;;;;;;;;;;;;;;;;;;;;40.83827862;46.40984282;50.60849933;55.75364843;61.10393251;65.44625463;73.68386478;78.8661185;82.54157205;90.10621931;89.47581851;91.43592024;94.98931958;104.2793913;110.918867;114.4099507;122.5556305;122.3168576;122.6003393;128.1748292;130.7464756;139.6305811;;;
Low income;LIC;;;;;;;;;;;;;;;;;;;;;;;;;;;;;;;;;;;;;;;;;46.81105066;48.7149201;53.78455522;59.87447105;64.00798451;68.36377994;77.02739846;82.98737706;84.93289468;93.13258859;92.02367692;91.07795456;89.83067056;95.93142162;100.9853033;99.64490447;109.6484095;105.8945405;101.2686754;104.2779266;107.2000962;111.2734382;;;
Liechtenstein;LIE;;;;;;;;;;;;;;;;;;;;;;;;;;;;;;;;;;;;;;;;;;;;;;;;;;;;;;;;;;;;;;;;;
Sri Lanka;LKA;;;;;;;;;;;;;;;;;;;;;;;;;;;;;;;;;;;;;;;;;176;188;196;183;217;226;247;266;287;311;311;327;341;405;397;442;467;451;515;558;560;609;;;
Lower middle income;LMC;;;;;;;;;;;;;;;;;;;;;;;;;;;;;;;;;;;;;;;;;93.02057449;102.3640737;104.2207307;111.9317295;119.1901742;127.8603262;136.5737255;144.1060996;149.9708158;158.313964;161.3230101;167.2406599;182.0920021;201.1281333;203.7986234;214.3211488;221.2918376;215.5366018;222.2927222;236.9316453;243.7963695;272.8296804;;;
Low & middle income;LMY;;;;;;;;;;;;;;;;;;;;;;;;;;;;;;;;;;;;;;;;;170.4781624;181.6625879;189.4550402;204.0064264;218.6521936;236.4838061;256.2343015;276.6987566;296.9924726;327.6107465;338.452923;360.6770937;385.3660916;413.512256;430.4958975;448.1763342;464.5597733;478.0474088;502.3232955;532.0099358;558.7044397;606.4660968;;;
Lesotho;LSO;;;;;;;;;;;;;;;;;;;;;;;;;;;;;;;;;;;;;;;;;68.34401094;92.38424475;82.56418976;81.15381518;83.24444538;80.30477492;95.78091224;145.4086029;156.4106816;184.6448033;168.2047882;208.8031103;234.3870018;286.6839463;282.7983333;280.3468296;266.7634293;278.7952477;292.4686651;312.3334395;236.2570089;264.3650908;;;
Late-demographic dividend;LTE;;;;;;;;;;;;;;;;;;;;;;;;;;;;;;;;;;;;;;;;;245.7553056;262.4729067;288.4940968;306.3848756;329.716497;357.8827971;398.3088542;434.5422942;492.2053083;556.8414741;575.7700231;619.2779287;676.598734;733.552148;774.9280825;801.7504738;833.9382275;888.3964366;963.1163542;1055.878401;1159.762523;1255.401724;;;
Lithuania;LTU;;;;;;;;;;;;;;;;;;;;;;;;;;;;;;;;;;;;;;;;;522;565;642;743;714;812;957;1094;1298;1326;1350;1473;1542;1629;1739;1861;2038;2161;2369;2793;3006;3432;3709;;
Luxembourg;LUX;;;;;;;;;;;;;;;;;;;;;;;;;;;;;;;;;;;;;;;;;3287;3603;3979;4222;4742;4942;5274;5284;5725;6091;6079;5695;5175;5346;5574;5545;5806;5962;6212;6604;6938;7515;7540;;
Latvia;LVA;;;;;;;;;;;;;;;;;;;;;;;;;;;;;;;;;;;;;;;;;434;518;578;603;757;808;901;1002;1086;1028;1068;1094;1146;1218;1296;1405;1631;1704;1904;2171;2382;3153;;;
Macao SAR, China;MAC;;;;;;;;;;;;;;;;;;;;;;;;;;;;;;;;;;;;;;;;;;;;;;;;;;;;;;;;;;;;;;;;;
St. Martin (French part);MAF;;;;;;;;;;;;;;;;;;;;;;;;;;;;;;;;;;;;;;;;;;;;;;;;;;;;;;;;;;;;;;;;;
Morocco;MAR;;;;;;;;;;;;;;;;;;;;;;;;;;;;;;;;;;;;;;;;;145.6612934;163.0230393;179.3955494;192.3973857;212.0795373;230.4187333;263.2882721;291.0040649;312.1108488;352.3560428;375.4663003;394.4366921;395.9338298;398.1987745;392.615133;397.0534198;397.3730423;400.9976892;414.766655;433.8915134;471.7316062;515.7605643;;;
Monaco;MCO;;;;;;;;;;;;;;;;;;;;;;;;;;;;;;;;;;;;;;;;;3461.787084;3739.86687;3967.733842;4597.342748;4892.531121;5166.712106;5473.697811;5771.229646;6425.693243;6797.066418;7085.384174;7098.582358;7255.849979;7851.55117;8103.229828;8141.208613;8065.148626;8020.610158;7885.443981;8193.694603;8011.17913;8788.71202;;;
Moldova;MDA;;;;;;;;;;;;;;;;;;;;;;;;;;;;;;;;;;;;;;;;;149;168;218;226;319;377;451;500;547;647;520;505;541;584;612;631;631;810;827;859;877;1207;;;
Madagascar;MDG;;;;;;;;;;;;;;;;;;;;;;;;;;;;;;;;;;;;;;;;;50.23597464;54.46548876;56.29945962;62.16656234;68.48949373;71.381357;73.24645364;70.17272144;65.64397773;66.20725675;70.18865862;68.11638773;58.26038193;56.07407256;67.63210735;75.51649478;83.63419126;74.3464874;67.42409106;51.24533276;56.40073959;56.67031758;;;
Maldives;MDV;;;;;;;;;;;;;;;;;;;;;;;;;;;;;;;;;;;;;;;;;809;596;683;668;790;822;951;1050;1562;1239;1092;1090;1217;1250;1321;1528;1878;1759;1507;1642;1605;2066;;;
Middle East & North Africa;MEA;;;;;;;;;;;;;;;;;;;;;;;;;;;;;;;;;;;;;;;;;470.5863719;520.4956325;527.9305541;530.6577969;553.1409451;563.4537657;590.0257689;625.1871265;638.032726;766.0366204;756.9722282;778.6393149;801.1663655;845.8660375;908.7630041;923.360085;1032.751207;1052.19444;1019.552475;986.6631695;1033.261793;1065.948487;;;
Mexico;MEX;;;;;;;;;;;;;;;;;;;;;;;;;;;;;;;;;;;;;;;;;498.5593906;541.6775647;571.7050111;672.2789443;723.8273882;742.6580576;786.075917;831.0453727;859.314794;903.0975094;887.2999095;924.0658946;985.0706301;1022.512166;1016.271528;1062.245387;1089.152548;1093.286758;1100.859132;1101.812047;1152.446534;1190.110028;;;
Marshall Islands;MHL;;;;;;;;;;;;;;;;;;;;;;;;;;;;;;;;;;;;;;;;;349.0933005;320.3478937;292.8695211;291.9847;367.2977431;502.6732522;521.7057885;442.0479083;396.8980847;393.9474571;407.9192291;392.3500165;396.5501293;439.5124024;441.8663155;537.9027861;576.2059273;569.420306;654.910363;711.1233297;619.5094565;676.9144873;;;
Middle income;MIC;;;;;;;;;;;;;;;;;;;;;;;;;;;;;;;;;;;;;;;;;179.6817648;191.7016234;200.4905913;215.8636179;231.5782205;250.76987;271.7376842;293.7567511;315.9839422;348.9668898;361.2122458;385.9907572;413.5793858;442.9402539;461.558942;481.6041896;497.1426586;513.5516248;541.2841672;574.3427372;604.2550542;657.4011031;;;
North Macedonia;MKD;;;;;;;;;;;;;;;;;;;;;;;;;;;;;;;;;;;;;;;;;543;503;562;581;594;591;629;603;677;705;749;748;774;840;830;865;948;993;1065;1250;1315;1535;;;
Mali;MLI;;;;;;;;;;;;;;;;;;;;;;;;;;;;;;;;;;;;;;;;;60.33408538;57.09935912;64.07700329;69.78037778;72.7625893;77.01507726;84.42547524;83.5933328;82.94003397;87.7507545;81.04037119;70.93588819;64.03735787;69.58530815;82.81801756;80.4613107;79.36293281;79.13635711;83.5255154;88.56343414;78.54440192;106.9683494;;;
Malta;MLT;;;;;;;;;;;;;;;;;;;;;;;;;;;;;;;;;;;;;;;;;1211;1301;1516;1658;1740;1938;2056;2053;2094;2120;2287;2455;2549;2767;3157;3373;3599;3861;3976;4599;4835;5317;;;
Myanmar;MMR;;;;;;;;;;;;;;;;;;;;;;;;;;;;;;;;;;;;;;;;;19;24;32;34;38;44;50;51;58;62;60;63;89;125;180;230;211;219;229;237;246;254;;;
Middle East & North Africa (excluding high income);MNA;;;;;;;;;;;;;;;;;;;;;;;;;;;;;;;;;;;;;;;;;327.7486745;365.5754782;375.0766853;383.0342386;407.0460265;419.8547078;439.3132188;471.0056627;496.794908;580.094365;593.3906635;600.5073324;597.9575132;602.9725456;630.0175679;643.0380303;728.9172974;740.7201729;727.6386384;669.8356155;634.8562363;690.3479397;;;
Montenegro;MNE;;;;;;;;;;;;;;;;;;;;;;;;;;;;;;;;;;;;;;;;;;;;;;;;;;;;1132;1127;1234;1206;1446;1544;1546;1769;1956;2314;2439;;;
Mongolia;MNG;;;;;;;;;;;;;;;;;;;;;;;;;;;;;;;;;;;;;;;;;207.5175594;192.1750156;207.9831898;177.8696943;203.0258409;201.1788967;222.883931;271.7052332;333.592378;320.4131507;285.3634025;322.7038662;399.1493463;436.9730748;471.4379263;455.7059714;496.1370646;496.0749216;559.5665905;583.6192737;574.2154205;885.9516109;;;
Northern Mariana Islands;MNP;;;;;;;;;;;;;;;;;;;;;;;;;;;;;;;;;;;;;;;;;;;;;;;;;;;;;;;;;;;;;;;;;
Mozambique;MOZ;;;;;;;;;;;;;;;;;;;;;;;;;;;;;;;;;;;;;;;;;10.41866938;15.3242513;18.87175321;20.7621899;24.24241847;30.95741999;31.88483433;33.04619876;37.81388433;48.56373991;53.1966741;52.10515916;55.15977244;67.27796519;72.81623114;87.37196309;99.77228309;100.8887194;107.0805;106.5208632;99.34177186;121.9980197;;;
Mauritania;MRT;;;;;;;;;;;;;;;;;;;;;;;;;;;;;;;;;;;;;;;;;103.1860757;107.9864337;121.9408576;131.1040516;126.7385133;127.5256905;120.7747086;126.4539479;131.2461378;132.8036904;113.5849416;111.5345698;119.6337018;138.1992562;152.3192896;158.2120366;149.5393141;174.3640222;174.6665421;189.4392436;189.9140088;240.3572627;;;
Mauritius;MUS;;;;;;;;;;;;;;;;;;;;;;;;;;;;;;;;;;;;;;;;;266.1369037;285.3659619;319.1865118;341.7039027;379.0913122;419.5213294;442.8031869;467.6593052;559.332756;613.7303895;700.5926146;698.5238518;706.9874012;815.9168778;991.2223174;1070.199756;1153.58355;1214.50902;1298.636201;1451.933104;1348.562904;1428.983177;;;
Malawi;MWI;;;;;;;;;;;;;;;;;;;;;;;;;;;;;;;;;;;;;;;;;29.56304282;24.49332407;24.51746705;31.71469661;41.00799277;44.8818521;53.80267904;65.22463413;78.00799989;79.45383719;73.10608182;78.68756774;86.63190621;126.8700834;103.592819;94.4406727;111.4289863;110.3359917;104.0497587;113.0972292;106.3150919;118.9187269;;;
Malaysia;MYS;;;;;;;;;;;;;;;;;;;;;;;;;;;;;;;;;;;;;;;;;357.095436;380.587908;396.2460341;457.0653065;478.7126141;476.2420513;565.4735238;596.5553756;611.2939314;644.2325561;646.6578134;716.2980283;790.0183388;817.9613738;903.6207486;923.588206;920.1811144;963.4187214;1032.979147;1107.521919;1112.698636;1268.21222;;;
North America;NAC;;;;;;;;;;;;;;;;;;;;;;;;;;;;;;;;;;;;;;;;;4326.689459;4658.132152;5052.954543;5434.045642;5755.792948;6097.356214;6462.938268;6798.618981;7005.960676;7261.457232;7481.751835;7654.81579;7893.287204;8052.167461;8414.782642;8802.595202;9150.125703;9434.519197;9789.070538;10127.87024;11183.89633;11448.38277;11842.91989;;
Namibia;NAM;;;;;;;;;;;;;;;;;;;;;;;;;;;;;;;;;;;;;;;;;475.6700561;503.7150284;532.5101402;570.3004069;662.3318979;689.0907154;753.0991209;836.2295918;798.5544753;725.1466315;822.7173788;878.1043182;876.5109935;894.0822289;892.1190456;1076.291588;986.566572;901.8286191;874.1814335;879.4562737;849.5464865;941.728429;;;
New Caledonia;NCL;;;;;;;;;;;;;;;;;;;;;;;;;;;;;;;;;;;;;;;;;;;;;;;;;;;;;;;;;;;;;;;;;
Niger;NER;;;;;;;;;;;;;;;;;;;;;;;;;;;;;;;;;;;;;;;;;35.14167311;37.78916383;39.72208998;39.28400518;40.96737764;51.67361013;55.50653075;51.38254486;52.54858331;52.85979502;52.0141003;51.44895003;49.3569699;49.85726896;50.37285799;60.85651738;51.71397435;64.45816248;64.79198639;71.89718692;79.04305863;75.7957048;;;
Nigeria;NGA;;;;;;;;;;;;;;;;;;;;;;;;;;;;;;;;;;;;;;;;;76.95457643;81.89290479;72.73300549;156.5966133;154.801864;160.6727483;159.7160784;157.5820202;162.4579151;173.1174435;155.0961979;162.3195478;165.181129;175.7088835;181.3449189;191.3490641;188.2079135;191.8786097;161.0675547;157.9497356;173.4781283;220.4431661;;;
Nicaragua;NIC;;;;;;;;;;;;;;;;;;;;;;;;;;;;;;;;;;;;;;;;;144.1089175;156.7081018;165.5067959;181.3810866;193.0227366;210.6580674;227.8680136;265.3449233;284.1243988;292.2886856;305.3212273;315.4870058;328.9376074;348.8910246;390.0205322;416.5086639;452.1855826;492.6055812;490.5231069;477.7261478;472.8865858;599.8595861;;;
Netherlands;NLD;;;;;;;;;;;;;;;;;;;;;;;;;;;;;;;;;;;;;;;;;2466;2684;2987;3099;3267;3426;3726;3984;4317;4465;4585;4779;4989;5219;5214;5204;5274;5585;5811;6127;6718;7179;;;
Norway;NOR;;;;;;;;;;;;;;;;;;;;;;;;;;;;;;;;;;;;;;;;;2857;3037;3429;3566;3765;3995;4304;4530;4945;5055;5191;5492;5774;6013;6193;6142;6271;6631;7019;7325;7457;8275;;;
Nepal;NPL;;;;;;;;;;;;;;;;;;;;;;;;;;;;;;;;;;;;;;;;;47;60;62;64;71;73;70;76;85;91;107;101;111;123;147;160;159;165;172;182;207;228;;;
Nauru;NRU;;;;;;;;;;;;;;;;;;;;;;;;;;;;;;;;;;;;;;;;;1152.681632;942.3777574;724.0777822;561.9750765;276.5856863;434.3966014;591.4786695;916.9088328;1086.830512;639.4167953;740.7169106;640.0946105;671.7167755;892.8291591;947.1033714;1677.311494;1343.022503;1349.470431;1466.056277;1523.667106;1739.882288;1873.142384;;;
New Zealand;NZL;;;;;;;;;;;;;;;;;;;;;;;;;;;;;;;;;;;;;;;;;1607.115779;1702.871316;1841.26426;1855.575548;1985.824823;2124.957587;2399.297653;2446.201596;2721.09724;2951.737895;2997.298401;3115.070568;3182.363303;3385.866707;3507.993891;3493.661993;3727.768161;3839.433091;3891.086424;4377.544567;4606.939947;4753.721825;;;
OECD members;OED;;;;;;;;;;;;;;;;;;;;;;;;;;;;;;;;;;;;;;;;;2253.031717;2415.415646;2593.393458;2761.834654;2920.572547;3078.990113;3293.423477;3469.531422;3639.573828;3803.319666;3924.234111;4093.522205;4219.269389;4354.016455;4514.650427;4690.508758;4880.794671;5045.31239;5236.089867;5471.031228;5901.465236;6182.151786;;;
Oman;OMN;;;;;;;;;;;;;;;;;;;;;;;;;;;;;;;;;;;;;;;;;1061.883034;1127.022775;1153.677529;1129.189621;1084.893179;978.6447319;932.654384;1032.118008;927.9798093;1369.760064;1318.547776;1124.049464;1145.548336;1190.554662;1398.472062;1486.474611;1411.435414;1353.041577;1126.089673;1341.437703;1787.156675;1646.559119;;;
Other small states;OSS;;;;;;;;;;;;;;;;;;;;;;;;;;;;;;;;;;;;;;;;;610.3032493;648.701076;707.3818285;706.4474247;739.0539718;775.5107664;815.8086694;882.7585121;977.2925404;1056.216876;1049.849164;1054.28059;1097.983998;1157.242203;1204.133072;1261.886821;1333.302845;1385.815723;1435.638531;1553.443521;1695.545005;1843.794391;;;
Pakistan;PAK;;;;;;;;;;;;;;;;;;;;;;;;;;;;;;;;;;;;;;;;;72.76454927;70.86316549;74.72742739;68.30152066;71.40947176;88.43263766;106.3260287;110.2940695;107.7193123;99.45355419;96.84752627;88.80384896;92.18009583;103.3262582;109.8846775;114.3445655;121.6646095;136.2980299;148.0861591;153.052332;155.8574541;167.3426037;;;
Panama;PAN;;;;;;;;;;;;;;;;;;;;;;;;;;;;;;;;;;;;;;;;;620.695037;619.9920725;643.9364281;638.4437566;729.5962275;693.5112063;804.1542265;1003.343822;1020.71955;1048.512455;1140.56924;1204.149091;1264.545043;1411.791836;1646.392855;1825.606994;2051.459687;2266.845999;2510.706575;2783.814933;2907.322311;3088.580642;;;
Peru;PER;;;;;;;;;;;;;;;;;;;;;;;;;;;;;;;;;;;;;;;;;215.0027569;235.0228771;261.3170053;258.1371365;264.3853181;298.098624;313.0955894;352.3766194;400.7147307;444.3000424;460.0397897;469.3991731;506.8317417;535.5060059;572.3093668;576.4149772;602.9569723;620.8333626;683.4907194;699.4495361;756.2222677;855.8684025;;;
Philippines;PHL;;;;;;;;;;;;;;;;;;;;;;;;;;;;;;;;;;;;;;;;;105;101;97;118;126;164;176;188;202;218;231;234;261;280;256;278;301;317;339;379;423;522;516;;
Palau;PLW;;;;;;;;;;;;;;;;;;;;;;;;;;;;;;;;;;;;;;;;;843.7668612;815.0385477;868.2828723;963.4392444;1144.320343;1121.386898;1217.69048;1315.367341;1250.306216;1278.221199;1496.560001;1550.283299;1765.268658;1839.87689;2009.26267;2030.539113;2128.714722;2237.986788;2340.603209;2477.659142;2471.332369;2563.342843;;;
Papua New Guinea;PNG;;;;;;;;;;;;;;;;;;;;;;;;;;;;;;;;;;;;;;;;;41.94694501;47.19846307;55.42219537;52.40800392;58.13239793;54.97447847;55.75904828;59.1134937;53.22883468;60.54094692;59.24285414;67.40244604;81.25641954;93.90989417;115.4898163;67.38602377;89.75852581;88.45184993;91.03832256;95.67433164;90.84621903;92.82460404;;;
Poland;POL;;;;;;;;;;;;;;;;;;;;;;;;;;;;;;;;;;;;;;;;;564;630;716;731;783;807;879;987;1167;1268;1352;1424;1478;1575;1627;1717;1857;1972;2022;2259;2291;2456;2925;;
Pre-demographic dividend;PRE;;;;;;;;;;;;;;;;;;;;;;;;;;;;;;;;;;;;;;;;;60.62444434;66.63506794;67.35617406;94.99946907;107.7152539;108.4126068;114.4746916;120.7630565;124.5047564;135.8911444;126.9155696;128.8597429;130.5548569;141.6718348;143.8623231;144.6966601;155.5643277;153.122039;144.7710652;149.9478673;158.0684503;171.8147552;;;
Puerto Rico;PRI;;;;;;;;;;;;;;;;;;;;;;;;;;;;;;;;;;;;;;;;;;;;;;;;;;;;;;;;;;;;;;;;;
Korea, Dem. People's Rep.;PRK;;;;;;;;;;;;;;;;;;;;;;;;;;;;;;;;;;;;;;;;;;;;;;;;;;;;;;;;;;;;;;;;;
Portugal;PRT;;;;;;;;;;;;;;;;;;;;;;;;;;;;;;;;;;;;;;;;;1630;1690;1793;1905;2050;2195;2311;2383;2557;2682;2735;2601;2546;2620;2679;2759;2965;3072;3285;3552;3687;4091;4464;;
Paraguay;PRY;;;;;;;;;;;;;;;;;;;;;;;;;;;;;;;;;;;;;;;;;415.6031435;386.0697865;327.8411607;355.2182042;377.0605182;384.5955156;427.3527374;458.2115461;494.1919088;538.5567598;592.1745253;662.8276073;709.4038467;727.234098;822.5206157;832.1903504;869.435603;899.1033652;956.3932679;1015.698799;1078.126964;1221.832711;;;
West Bank and Gaza;PSE;;;;;;;;;;;;;;;;;;;;;;;;;;;;;;;;;;;;;;;;;;;;;;;;;;;;;;;;;;;;;;;;;
Pacific island small states;PSS;;;;;;;;;;;;;;;;;;;;;;;;;;;;;;;;;;;;;;;;;163.3906967;157.7220508;172.3781209;168.3549871;195.9015773;218.2995765;221.8646238;222.4637987;217.2893961;227.9702573;225.8404563;226.0428446;238.1858367;250.9550598;272.916288;287.2459785;288.5102641;291.994829;346.3391768;366.8243553;361.1544972;388.1300442;;;
Post-demographic dividend;PST;;;;;;;;;;;;;;;;;;;;;;;;;;;;;;;;;;;;;;;;;2557.784399;2748.402218;2959.703166;3158.811266;3341.616828;3534.160222;3781.715459;3985.010315;4179.192616;4372.753586;4522.79984;4726.070587;4875.018789;5035.281292;5235.155718;5450.659562;5667.08808;5867.048251;6107.892688;6393.214752;6923.768839;7258.414668;;;
French Polynesia;PYF;;;;;;;;;;;;;;;;;;;;;;;;;;;;;;;;;;;;;;;;;;;;;;;;;;;;;;;;;;;;;;;;;
Qatar;QAT;;;;;;;;;;;;;;;;;;;;;;;;;;;;;;;;;;;;;;;;;1781.820813;2075.378102;2282.498211;3304.806516;3390.728339;2879.256705;2685.427618;2401.333493;1991.686304;2703.864622;2559.867853;2516.025959;2853.438546;3294.432485;3472.867152;3591.722991;3017.202064;2961.087785;2773.59005;3041.417117;3585.558052;2952.065589;;;
Romania;ROU;;;;;;;;;;;;;;;;;;;;;;;;;;;;;;;;;;;;;;;;;246;282;326;405;491;529;584;680;839;875;977;839;892;1026;1035;1066;1211;1394;1627;1885;2069;2340;;;
Russian Federation;RUS;;;;;;;;;;;;;;;;;;;;;;;;;;;;;;;;;;;;;;;;;366;413;475;511;521;603;760;845;1057;1169;1088;1090;1196;1321;1352;1291;1290;1403;1556;1705;2271;2530;;;
Rwanda;RWA;;;;;;;;;;;;;;;;;;;;;;;;;;;;;;;;;;;;;;;;;22.39872356;22.37735422;23.85175123;53.79583546;62.65199898;70.81685801;76.47879125;85.00314767;90.23622512;96.95753003;106.3021331;112.0781034;117.457225;101.8526955;116.2930939;117.2598534;128.1540501;123.6409628;140.6387558;144.8873958;163.0327632;180.1185352;;;
South Asia;SAS;;;;;;;;;;;;;;;;;;;;;;;;;;;;;;;;;;;;;;;;;79.68127241;86.75858195;89.95738313;90.76518407;98.07639028;104.4781571;111.1539585;118.3989388;122.2332938;128.2337134;130.8930334;133.6294052;147.1986091;170.2114883;172.2497728;179.4814984;187.5835672;173.1730956;183.4530784;197.7184065;207.8567529;227.6289962;;;
Saudi Arabia;SAU;;;;;;;;;;;;;;;;;;;;;;;;;;;;;;;;;;;;;;;;;1608.988375;1679.86771;1541.52475;1600.140831;1563.22702;1574.622853;1697.790108;1680.598501;1460.425796;2002.436751;1752.71641;1953.39418;2181.173647;2383.248581;2803.695879;2823.962205;2846.253244;2867.975388;2598.78525;2673.019055;3138.940596;3029.479746;;;
Sudan;SDN;;;;;;;;;;;;;;;;;;;;;;;;;;;;;;;;;;;;;;;;;105.5838908;97.3152377;100.0157424;124.4821177;139.67172;145.6708375;185.1228965;225.6793067;221.5901968;247.8857928;200.0214845;213.4688507;222.8566833;275.3734885;257.9290563;259.6872784;318.3553735;279.1395494;205.7075773;204.4199759;156.8072575;127.3437529;;;
Senegal;SEN;;;;;;;;;;;;;;;;;;;;;;;;;;;;;;;;;;;;;;;;;71.58641067;77.31709154;82.35678384;94.05695252;104.7993488;88.40904882;93.05912118;86.86050275;91.82146848;101.2682914;108.1218556;113.8778058;118.3908608;121.9284581;126.0752223;132.0964786;133.063078;135.6995436;152.8672984;160.7565732;183.896997;167.0777391;;;
Singapore;SGP;;;;;;;;;;;;;;;;;;;;;;;;;;;;;;;;;;;;;;;;;1454.298459;1368.919475;1513.697701;1712.852062;1671.381553;1751.863231;1844.126626;1920.766953;2163.972688;2239.862132;2373.858195;2481.248194;2696.192114;3015.077312;3209.361329;3562.130703;3855.189017;4051.376928;3978.076192;4397.050865;5528.00077;6352.623149;;;
Solomon Islands;SLB;;;;;;;;;;;;;;;;;;;;;;;;;;;;;;;;;;;;;;;;;62.72079287;78.85035153;116.3666856;86.49465118;102.7362133;131.8279963;124.314116;118.6623845;97.22455204;119.754928;94.57611365;114.1693942;114.2975931;112.072365;120.2195538;109.4954933;112.7510216;108.9411196;101.7478859;117.9302612;124.9307583;122.2129449;;;
Sierra Leone;SLE;;;;;;;;;;;;;;;;;;;;;;;;;;;;;;;;;;;;;;;;;85.7682632;52.35307409;71.39088327;68.72292135;74.61170259;81.66543239;85.63495348;87.80678924;95.08786583;105.5942522;103.1795205;128.5892167;124.2922437;199.4967818;345.9003402;308.2364687;259.1370823;149.7836229;136.6692877;157.5426096;156.0281324;151.7276965;;;
El Salvador;SLV;;;;;;;;;;;;;;;;;;;;;;;;;;;;;;;;;;;;;;;;;345.8398569;356.9181278;366.7249509;373.3751149;404.0572819;484.1696026;492.3809462;501.5435973;521.0599968;532.0913361;551.904685;580.7878284;569.9515812;630.6402838;630.5389729;675.4683664;712.3570992;725.8706835;750.94335;828.1823345;791.9081745;969.8853323;;;
San Marino;SMR;;;;;;;;;;;;;;;;;;;;;;;;;;;;;;;;;;;;;;;;;;3014.046989;2755.463761;2538.042915;2650.503201;2733.526093;3005.559205;3267.709494;3645.632236;3777.886202;3484.106362;4096.442198;4289.347271;4004.847989;4073.148368;4037.611513;4793.232189;4806.702704;4999.129177;5102.461371;5050.192848;5409.743158;;;
Somalia;SOM;;;;;;;;;;;;;;;;;;;;;;;;;;;;;;;;;;;;;;;;;;;;;;;;;;;;;;;;;;;;;;;;;
Serbia;SRB;;;;;;;;;;;;;;;;;;;;;;;;;;;;;;;;;;;;;;;;;371.6721426;421.1133049;548.1526609;585.4179394;664.9681464;759.0343177;865.4092782;1051.393638;1195.347092;1169.262763;1216.775624;1249.851841;1296.61129;1359.006886;1352.357378;1312.157498;1337.993311;1361.728013;1507.574761;1677.059644;1694.645816;2155.158267;;;
Sub-Saharan Africa (excluding high income);SSA;;;;;;;;;;;;;;;;;;;;;;;;;;;;;;;;;;;;;;;;;98.83711182;104.3052346;102.8490978;125.8237981;131.465367;137.9140379;148.1326926;155.4413067;160.9884593;170.3617796;168.5281188;174.7367609;173.9539887;184.9618409;185.8126572;190.3309487;193.4323335;189.4005293;182.9856985;187.8796815;189.7297789;204.6343305;;;
South Sudan;SSD;;;;;;;;;;;;;;;;;;;;;;;;;;;;;;;;;;;;;;;;;;;;;;;;;;;;;;;;;;86.44439732;55.96918934;51.3808484;50.12235874;33.76646674;;;
Sub-Saharan Africa;SSF;;;;;;;;;;;;;;;;;;;;;;;;;;;;;;;;;;;;;;;;;98.90743182;104.3788322;102.9126875;125.8900897;131.524976;137.9756779;148.196443;155.5012413;161.0416213;170.4099349;168.5980058;174.8046252;174.0406021;185.0282095;185.8943763;190.4082881;193.530005;189.4969327;183.0902423;187.9820364;189.8613717;204.7472684;;;
Small states;SST;;;;;;;;;;;;;;;;;;;;;;;;;;;;;;;;;;;;;;;;;511.2418329;534.0306171;583.8316332;595.5020005;629.1584651;661.7698626;701.540084;753.9462868;823.8089132;883.6743853;880.9287414;894.1600665;929.5120124;978.1477235;1016.691213;1062.889143;1116.367934;1168.48934;1221.635362;1321.936367;1424.045568;1540.217311;;;
Sao Tome and Principe;STP;;;;;;;;;;;;;;;;;;;;;;;;;;;;;;;;;;;;;;;;;186.1543755;197.3468323;197.8221148;247.9706997;242.7313761;253.2841302;199.9046891;204.3326052;192.1216584;195.4222497;195.5099079;200.9778178;189.8084615;261.1596157;254.6636906;203.2248974;248.4047623;251.8855971;223.0403112;219.6696471;310.1799265;346.8893777;;;
Suriname;SUR;;;;;;;;;;;;;;;;;;;;;;;;;;;;;;;;;;;;;;;;;485.5222253;323.1508737;469.7018441;463.2185052;564.8087914;572.6649669;681.1601321;648.2588956;618.5354428;664.9763656;660.4612943;662.4275039;702.2703247;784.0688973;811.5936666;971.206056;876.9438197;944.9597725;1262.623792;1660.117816;1095.558242;922.0854553;;;
Slovak Republic;SVK;;;;;;;;;;;;;;;;;;;;;;;;;;;;;;;;;;;;;;;;;602;660;733;772;970;1096;1296;1524;1651;1836;1948;1919;2035;2101;1999;2033;2111;2038;2093;2316;2347;2670;;;
Slovenia;SVN;;;;;;;;;;;;;;;;;;;;;;;;;;;;;;;;;;;;;;;;;1406;1494;1624;1711;1808;1910;2015;2079;2338;2361;2385;2473;2533;2621;2626;2689;2873;2989;3237;3590;3867;4165;4388;;
Sweden;SWE;;;;;;;;;;;;;;;;;;;;;;;;;;;;;;;;;;;;;;;;;2173;2368;2544;2651;2758;2797;3049;3284;3474;3549;3527;4663;4896;5074;5193;5333;5513;5638;5888;6139;6378;6784;7017;;
Eswatini;SWZ;;;;;;;;;;;;;;;;;;;;;;;;;;;;;;;;;;;;;;;;;212.1233695;241.8034451;273.0285523;331.4956588;374.3734863;440.4917459;507.8251254;548.7652606;626.4757082;621.2291527;646.4292079;661.884744;627.7666525;631.1189612;620.9103459;605.6649293;578.9486406;573.417232;565.9004014;633.8248426;576.9253019;684.5940902;;;
Sint Maarten (Dutch part);SXM;;;;;;;;;;;;;;;;;;;;;;;;;;;;;;;;;;;;;;;;;;;;;;;;;;;;;;;;;;;;;;;;;
Seychelles;SYC;;;;;;;;;;;;;;;;;;;;;;;;;;;;;;;;;;;;;;;;;666.0029956;713.4737899;627.2457596;693.8138199;658.1877634;695.073692;728.126327;713.004132;658.1623863;631.5154454;847.9035348;870.8279445;1078.06982;883.8473452;1056.490161;1018.486321;1253.580545;1261.658708;1365.555288;1365.587724;1729.844475;1549.244266;;;
Syrian Arab Republic;SYR;;;;;;;;;;;;;;;;;;;;;;;;;;;;;;;;;;;;;;;;;145.7710418;153.1372537;171.213113;184.1589567;172.5151342;168.9374635;163.0037376;162.2095616;152.3730387;167.2365238;159.4603865;169.7209247;144.2830074;;;;;;;;;;;;
Turks and Caicos Islands;TCA;;;;;;;;;;;;;;;;;;;;;;;;;;;;;;;;;;;;;;;;;;;;;;;;;;;;;;;;;;;;;;;;;
Chad;TCD;;;;;;;;;;;;;;;;;;;;;;;;;;;;;;;;;;;;;;;;;45.87512142;49.13750473;71.81743585;61.19618366;80.20597967;75.81627703;76.28114638;69.88529658;66.24790943;73.40346772;74.41866773;70.62371823;67.08988068;64.02216713;71.79187542;82.16893603;79.46026818;74.02191548;71.8113039;72.63426588;87.17725345;81.37769424;;;
East Asia & Pacific (IDA & IBRD countries);TEA;;;;;;;;;;;;;;;;;;;;;;;;;;;;;;;;;;;;;;;;;126.8079299;134.2457582;147.8886958;166.8493891;180.5785119;203.7024258;222.9863151;243.7242503;275.5775513;324.4240856;346.8916098;391.6469208;444.3449409;482.1456945;513.0033531;544.1123645;571.4953272;608.0176404;669.0435943;742.3736574;803.9284785;877.0554948;;;
Europe & Central Asia (IDA & IBRD countries);TEC;;;;;;;;;;;;;;;;;;;;;;;;;;;;;;;;;;;;;;;;;341.7605145;376.7340654;422.4260557;458.1507501;493.2447888;547.2753291;640.9489838;705.1438073;820.8256412;879.2701883;875.4471668;891.456769;957.2636765;1035.405104;1062.073999;1059.19765;1103.873149;1170.025612;1244.507297;1348.733003;1587.053354;1760.177193;;;
Togo;TGO;;;;;;;;;;;;;;;;;;;;;;;;;;;;;;;;;;;;;;;;;35.99935462;37.30196746;38.54414929;41.37454558;43.03060015;44.12468792;47.374214;52.40819092;53.65856063;58.82309628;67.20884464;72.66921798;77.838625;83.24709305;89.17012223;91.56797687;126.3825654;128.105431;125.9953219;124.1628379;131.6356644;129.8744826;;;
Thailand;THA;;;;;;;;;;;;;;;;;;;;;;;;;;;;;;;;;;;;;;;;;225.8150746;230.94182;271.8954446;286.5576591;300.2321872;322.2335119;339.4860844;375.7744529;418.9735018;434.9855032;440.3376932;474.0114287;513.8879379;521.0812845;557.9553525;595.8238899;639.3502273;655.2802132;700.0027244;711.1365692;775.5480224;967.4022998;;;
Tajikistan;TJK;;;;;;;;;;;;;;;;;;;;;;;;;;;;;;;;;;;;;;;;;45;51;55;65;74;87;90;109;125;127;132;145;163;197;221;205;215;222;245;259;315;351;;;
Turkmenistan;TKM;;;;;;;;;;;;;;;;;;;;;;;;;;;;;;;;;;;;;;;;;172.3956721;247.4389939;247.3527916;353.5336396;522.0263966;542.3341338;538.7357221;380.8389277;489.7552014;419.5386337;473.4061833;533.7941154;555.7199123;633.2875713;715.9258009;832.1494108;885.8576692;994.93481;997.1412174;937.0868538;908.4144935;958.9953159;;;
Latin America & the Caribbean (IDA & IBRD countries);TLA;;;;;;;;;;;;;;;;;;;;;;;;;;;;;;;;;;;;;;;;;575.2185699;603.0155578;611.211142;627.2537235;665.7017976;704.5549097;765.0185093;826.7163624;870.7269248;917.352899;942.8851157;985.7385494;1015.712145;1072.796749;1111.317863;1145.264878;1159.911241;1233.696976;1269.569286;1244.063015;1278.617609;1373.756272;;;
Timor-Leste;TLS;;;;;;;;;;;;;;;;;;;;;;;;;;;;;;;;;;;;;;;;;;;;38.06736555;57.72795664;74.07296071;81.18803696;84.40762334;115.3640848;131.4831579;126.0734111;141.4113273;163.2755619;210.4383795;205.0540057;221.6486918;215.0134642;212.1174374;200.2830363;194.8996553;372.9149871;272.2510449;;;
Middle East & North Africa (IDA & IBRD countries);TMN;;;;;;;;;;;;;;;;;;;;;;;;;;;;;;;;;;;;;;;;;327.7486745;365.5754782;375.0766853;383.0342386;407.0460265;419.8547078;439.3132188;471.0056627;496.794908;580.094365;593.3906635;600.5073324;597.9575132;602.9725456;630.0175679;643.0380303;728.9172974;740.7201729;727.6386384;669.8356155;634.8562363;690.3479397;;;
Tonga;TON;;;;;;;;;;;;;;;;;;;;;;;;;;;;;;;;;;;;;;;;;99.93177327;125.5437004;139.3559109;138.4753094;181.0276777;180.5652092;230.8720378;204.8654983;279.1886508;172.4184935;215.1667892;185.5338234;239.5661716;203.8071822;267.3749554;245.2915932;285.6790028;303.9242196;309.5597773;314.0336245;357.6890663;423.3595358;;;
South Asia (IDA & IBRD);TSA;;;;;;;;;;;;;;;;;;;;;;;;;;;;;;;;;;;;;;;;;79.68127241;86.75858195;89.95738313;90.76518407;98.07639028;104.4781571;111.1539585;118.3989388;122.2332938;128.2337134;130.8930334;133.6294052;147.1986091;170.2114883;172.2497728;179.4814984;187.5835672;173.1730956;183.4530784;197.7184065;207.8567529;227.6289962;;;
Sub-Saharan Africa (IDA & IBRD countries);TSS;;;;;;;;;;;;;;;;;;;;;;;;;;;;;;;;;;;;;;;;;98.90743182;104.3788322;102.9126875;125.8900897;131.524976;137.9756779;148.196443;155.5012413;161.0416213;170.4099349;168.5980058;174.8046252;174.0406021;185.0282095;185.8943763;190.4082881;193.530005;189.4969327;183.0902423;187.9820364;189.8613717;204.7472684;;;
Trinidad and Tobago;TTO;;;;;;;;;;;;;;;;;;;;;;;;;;;;;;;;;;;;;;;;;595.3956864;600.2263448;766.1018757;787.0708603;892.8722288;998.3119651;1086.144167;1162.818664;1070.670164;1545.869948;1484.811494;1391.642024;1378.538567;1420.625081;1450.797686;1562.905605;1690.520027;1724.736141;1707.880848;1801.732141;1859.931859;1776.522893;;;
Tunisia;TUN;;;;;;;;;;;;;;;;;;;;;;;;;;;;;;;;;;;;;;;;;296.6816627;314.8209412;337.8538814;363.3868691;391.8683471;410.1266184;439.6694475;481.5603564;505.7325614;543.6887935;584.9951942;630.5086861;655.2073883;679.9860778;688.3526084;650.6168758;664.4211091;672.6812492;671.564608;698.2152257;746.0100902;784.1246384;;;
Turkiye;TUR;;;;;;;;;;;;;;;;;;;;;;;;;;;;;;;;;;;;;;;;;437;448;470;481;533;581;699;775;834;846;870;912;916;972;1030;1045;1119;1153;1146;1210;1280;1390;;;
Tuvalu;TUV;;;;;;;;;;;;;;;;;;;;;;;;;;;;;;;;;;;;;;;;;564.5396838;477.5424242;357.7141959;401.5073577;273.3323175;283.6933448;343.9412757;320.6605139;331.3121344;373.9957499;465.8207212;451.2418345;427.5705623;475.9689908;497.7431207;512.0676046;753.8951126;1022.102381;814.6250338;1125.109122;902.6350402;1028.668318;;;
Tanzania;TZA;;;;;;;;;;;;;;;;;;;;;;;;;;;;;;;;;;;;;;;;;35.50556898;46.66078023;54.70013352;66.16189101;76.66489752;91.00100129;126.6390019;120.6730342;101.5932133;95.93614424;103.6484204;106.7629936;100.719314;97.47060901;85.98583957;81.53201881;93.02518221;97.3440947;103.8397616;101.0255579;81.06365415;95.87526309;;;
Uganda;UGA;;;;;;;;;;;;;;;;;;;;;;;;;;;;;;;;;;;;;;;;;48.0592066;48.88111301;51.6783535;48.29552007;51.72637718;74.26127546;93.95023323;96.65677364;102.5650011;117.8472335;141.6349211;162.963319;137.6559514;131.5724492;123.5808158;115.6247617;110.4321222;89.4631642;94.87056135;94.34298601;103.0091174;118.9158126;;;
Ukraine;UKR;;;;;;;;;;;;;;;;;;;;;;;;;;;;;;;;;;;;;;;;;227;265;300;369;402;443;500;524;502;517;564;610;668;745;736;754;801;840;903;900;941;1082;;;
Upper middle income;UMC;;;;;;;;;;;;;;;;;;;;;;;;;;;;;;;;;;;;;;;;;257.7077483;272.9972958;289.0167342;311.3910116;335.8967127;365.9268897;399.5865744;436.7714298;476.131425;534.5561795;558.6224324;603.8554885;646.3972183;687.8197953;724.4842176;756.1382759;782.4437938;823.8097094;875.6033529;930.4709923;987.7935148;1070.142513;;;
Uruguay;URY;;;;;;;;;;;;;;;;;;;;;;;;;;;;;;;;;;;;;;;;;1033.547152;1078.190041;996.5743718;1016.516521;945.0262042;977.521534;1045.639221;1105.179167;1306.060979;1337.403327;1448.310375;1557.972371;1598.107685;1691.383349;1766.818373;1826.161795;1953.917865;2038.452177;2139.916689;2276.027561;2103.685978;2344.362549;;;
United States;USA;;;;;;;;;;;;;;;;;;;;;;;;;;;;;;;;;;;;;;;;;4533.826331;4881.207626;5304.520247;5708.551835;6047.818211;6404.185844;6779.227683;7132.447018;7347.454689;7602.745534;7833.04507;8021.593301;8274.372555;8433.69816;8828.47641;9248.934306;9599.891046;9902.818656;10280.52663;10658.39768;11758.42469;12012.24122;12473.79108;;
Uzbekistan;UZB;;;;;;;;;;;;;;;;;;;;;;;;;;;;;;;;;;;;;;;;;158;170;174;184;188;202;215;232;255;285;289;311;339;364;291;320;324;336;374;424;534;674;;;
St. Vincent and the Grenadines;VCT;;;;;;;;;;;;;;;;;;;;;;;;;;;;;;;;;;;;;;;;;270.6703183;283.7621739;309.8349971;328.2538491;344.2665988;362.465411;383.1852067;427.4226274;425.7782003;447.64207;457.0739556;458.4918458;491.8791638;496.1036734;509.3944961;511.2718835;554.2718801;574.2485096;613.4935923;629.7411033;685.5058237;778.2900041;;;
Venezuela, RB;VEN;;;;;;;;;;;;;;;;;;;;;;;;;;;;;;;;;;;;;;;;;;;;;;;;;;;;;;;;;;;;78.92856261;96.76674144;103.0246888;;;
British Virgin Islands;VGB;;;;;;;;;;;;;;;;;;;;;;;;;;;;;;;;;;;;;;;;;;;;;;;;;;;;;;;;;;;;;;;;;
Virgin Islands (U.S.);VIR;;;;;;;;;;;;;;;;;;;;;;;;;;;;;;;;;;;;;;;;;;;;;;;;;;;;;;;;;;;;;;;;;
Viet Nam;VNM;;;;;;;;;;;;;;;;;;;;;;;;;;;;;;;;;;;;;;;;;104.8521163;131.7165189;113.4930489;124.7149468;154.0048259;163.9644321;189.5072158;209.1945526;210.1225288;226.9129356;273.4110149;288.2297749;318.3623918;296.7131806;339.6475384;357.8638557;403.1188793;451.6426975;495.9539279;531.4643127;474.0553224;536.3378624;;;
Vanuatu;VUT;;;;;;;;;;;;;;;;;;;;;;;;;;;;;;;;;;;;;;;;;70.7431398;69.77760019;75.48622167;70.3192027;73.95032062;73.19659701;80.29853309;77.48915086;82.19182507;86.21026348;93.55408748;98.16109742;107.8951198;120.186953;102.354937;120.0669385;84.05036071;83.74738922;103.4337777;106.0626729;121.2034889;135.8520624;;;
World;WLD;;;;;;;;;;;;;;;;;;;;;;;;;;;;;;;;;;;;;;;;;591.7519935;631.5215652;669.8396828;709.6008391;748.3417405;791.256841;847.3753435;895.1963192;944.3715456;1001.250029;1025.169444;1069.250288;1111.274029;1159.651232;1200.975271;1241.323035;1288.447985;1326.316605;1378.368392;1438.950645;1547.467634;1631.510568;;;
Samoa;WSM;;;;;;;;;;;;;;;;;;;;;;;;;;;;;;;;;;;;;;;;;132.733633;128.9164543;161.8578247;160.5639967;183.678215;206.3410089;227.9826594;227.2014387;227.6340681;255.8077194;267.0635768;293.2402809;264.1458243;332.2228284;339.6204765;350.7839424;343.6289718;322.0523866;300.0724083;372.9389978;395.0468442;413.5638977;;;
Kosovo;XKX;;;;;;;;;;;;;;;;;;;;;;;;;;;;;;;;;;;;;;;;;;;;;;;;;;;;;;;;;;;;;;;;;
Yemen, Rep.;YEM;;;;;;;;;;;;;;;;;;;;;;;;;;;;;;;;;;;;;;;;;128.9472448;141.1515685;141.7629035;174.0220576;173.2709996;173.230438;189.9316494;205.8772081;208.9330487;220.2892525;200.9670964;160.7764106;169.2935747;170.5256739;164.534434;102.2912819;;;;;;;;;
South Africa;ZAF;;;;;;;;;;;;;;;;;;;;;;;;;;;;;;;;;;;;;;;;;598.2425777;604.5905859;591.5006575;648.7167877;679.9351861;723.2806827;781.4602976;840.5533266;904.8372137;948.1401447;995.3893184;1055.128359;1051.605937;1098.78429;1067.044873;1093.744657;1106.594521;1112.843569;1158.598532;1190.199753;1158.823603;1209.891114;;;
Zambia;ZMB;;;;;;;;;;;;;;;;;;;;;;;;;;;;;;;;;;;;;;;;;72.21375271;87.34051389;109.6096514;118.0079903;114.9384715;141.9442242;134.3730011;118.5185441;122.5240847;150.0593986;124.6601296;129.3614398;135.8346246;160.3791551;132.6227376;148.5082297;148.4937485;162.3569757;167.3209704;237.3585286;212.0981107;235.5497654;;;
Zimbabwe;ZWE;;;;;;;;;;;;;;;;;;;;;;;;;;;;;;;;;;;;;;;;;;;;;;;;;;;189.6707677;168.2589458;162.5882685;179.4568667;208.4595577;194.9870703;196.2840928;143.9224435;111.0784361;72.01596474;60.21536068;63.13696667;;;
